data,cidade,contas_esperadas_sem_tv,contas_esperadas_com_tv
2026-01-05,São Paulo,1099.669,1099.669
2026-01-06,São Paulo,1028.982,1028.982
2026-01-07,São Paulo,939.579,939.579
2026-01-08,São Paulo,931.64,931.64
2026-01-09,São Paulo,859.785,859.785
2026-01-10,São Paulo,725.918,725.918
2026-01-11,São Paulo,652.098,652.098
2026-01-12,São Paulo,972.7,972.7
2026-01-13,São Paulo,943.406,943.406
2026-01-14,São Paulo,908.88,908.88
2026-01-15,São Paulo,848.834,848.834
2026-01-16,São Paulo,804.477,804.477
2026-01-17,São Paulo,699.435,699.435
2026-01-18,São Paulo,645.708,645.708
2026-01-19,São Paulo,956.498,956.498
2026-01-20,São Paulo,967.249,967.249
2026-01-21,São Paulo,952.048,952.048
2026-01-22,São Paulo,875.671,875.671
2026-01-23,São Paulo,842.59,842.59
2026-01-24,São Paulo,725.676,725.676
2026-01-25,São Paulo,686.137,686.137
2026-01-26,São Paulo,992.21,992.21
2026-01-27,São Paulo,955.462,955.462
2026-01-28,São Paulo,923.246,923.246
2026-01-29,São Paulo,889.63,889.63
2026-01-30,São Paulo,881.949,881.949
2026-01-31,São Paulo,763.572,763.572
2026-02-01,São Paulo,727.969,727.969
2026-02-02,São Paulo,1062.204,1062.204
2026-02-03,São Paulo,981.841,981.841
2026-02-04,São Paulo,970.834,970.834
2026-02-05,São Paulo,987.224,987.224
2026-02-06,São Paulo,931.986,931.986
2026-02-07,São Paulo,770.762,770.762
2026-02-08,São Paulo,731.999,731.999
2026-02-09,São Paulo,1081.425,1081.425
2026-02-10,São Paulo,1035.597,1035.597
2026-02-11,São Paulo,1018.123,1018.123
2026-02-12,São Paulo,1006.151,1006.151
2026-02-13,São Paulo,980.026,980.026
2026-02-14,São Paulo,613.673,613.673
2026-02-15,São Paulo,537.986,537.986
2026-02-16,São Paulo,776.968,776.968
2026-02-17,São Paulo,730.498,730.498
2026-02-18,São Paulo,1018.163,1018.163
2026-02-19,São Paulo,974.351,974.351
2026-02-20,São Paulo,996.876,996.876
2026-02-21,São Paulo,915.855,915.855
2026-02-22,São Paulo,780.116,780.116
2026-02-23,São Paulo,1151.729,1151.729
2026-02-24,São Paulo,1084.901,1084.901
2026-02-25,São Paulo,1040.526,1040.526
2026-02-26,São Paulo,997.206,997.206
2026-02-27,São Paulo,957.18,957.18
2026-02-28,São Paulo,853.933,853.933
2026-03-01,São Paulo,814.112,814.112
2026-03-02,São Paulo,1198.567,1198.567
2026-03-03,São Paulo,1146.986,1146.986
2026-03-04,São Paulo,1044.454,1044.454
2026-03-05,São Paulo,1082.527,1082.527
2026-03-06,São Paulo,1032.847,1032.847
2026-03-07,São Paulo,845.079,845.079
2026-03-08,São Paulo,775.039,775.039
2026-03-09,São Paulo,1162.28,1162.28
2026-03-10,São Paulo,1112.274,1112.274
2026-03-11,São Paulo,1077.6,1077.6
2026-03-12,São Paulo,1039.724,1039.724
2026-03-13,São Paulo,975.255,975.255
2026-03-14,São Paulo,857.87,857.87
2026-03-15,São Paulo,753.771,753.771
2026-03-16,São Paulo,1124.101,1124.101
2026-03-17,São Paulo,997.952,997.952
2026-03-18,São Paulo,932.005,932.005
2026-03-19,São Paulo,920.505,920.505
2026-03-20,São Paulo,960.351,960.351
2026-03-21,São Paulo,835.823,835.823
2026-03-22,São Paulo,718.859,718.859
2026-03-23,São Paulo,1093.894,1093.894
2026-03-24,São Paulo,1033.123,1033.123
2026-03-25,São Paulo,1039.243,1039.243
2026-03-26,São Paulo,1029.583,1029.583
2026-03-27,São Paulo,1001.209,1001.209
2026-03-28,São Paulo,890.741,890.741
2026-03-29,São Paulo,814.75,814.75
2026-03-30,São Paulo,1154.807,1154.807
2026-03-31,São Paulo,1082.51,1082.51
2026-04-01,São Paulo,1037.317,1037.317
2026-04-02,São Paulo,989.541,989.541
2026-04-03,São Paulo,941.953,941.953
2026-04-04,São Paulo,814.726,814.726
2026-04-05,São Paulo,812.416,812.416
2026-04-06,São Paulo,1205.891,1205.891
2026-04-07,São Paulo,1048.979,1048.979
2026-04-08,São Paulo,1004.912,1004.912
2026-04-09,São Paulo,965.66,965.66
2026-04-10,São Paulo,929.837,929.837
2026-04-11,São Paulo,784.537,784.537
2026-04-12,São Paulo,703.304,703.304
2026-04-13,São Paulo,1093.607,1093.607
2026-04-14,São Paulo,1011.21,1011.21
2026-04-15,São Paulo,941.053,941.053
2026-04-16,São Paulo,949.169,949.169
2026-04-17,São Paulo,941.016,941.016
2026-04-18,São Paulo,799.258,799.258
2026-04-19,São Paulo,739.891,739.891
2026-04-20,São Paulo,1195.844,1195.844
2026-04-21,São Paulo,1146.834,1146.834
2026-04-22,São Paulo,1029.921,1029.921
2026-04-23,São Paulo,974.815,974.815
2026-04-24,São Paulo,937.465,937.465
2026-04-25,São Paulo,822.717,822.717
2026-04-26,São Paulo,753.407,753.407
2026-04-27,São Paulo,1131.142,1131.142
2026-04-28,São Paulo,1074.022,1074.022
2026-04-29,São Paulo,1060.399,1060.399
2026-04-30,São Paulo,1039.384,1039.384
2026-05-01,São Paulo,987.09,987.09
2026-05-02,São Paulo,860.104,860.104
2026-05-03,São Paulo,811.054,811.054
2026-05-04,São Paulo,1201.86,1201.86
2026-05-05,São Paulo,1199.751,1199.751
2026-05-06,São Paulo,1165.059,1165.059
2026-05-07,São Paulo,1046.77,1046.77
2026-05-08,São Paulo,989.817,989.817
2026-05-09,São Paulo,856.598,856.598
2026-05-10,São Paulo,802.87,802.87
2026-05-11,São Paulo,1194.415,1194.415
2026-05-12,São Paulo,1140.767,1140.767
2026-05-13,São Paulo,1112.653,1112.653
2026-05-14,São Paulo,1060.526,1060.526
2026-05-15,São Paulo,1014.664,1014.664
2026-05-16,São Paulo,874.355,874.355
2026-05-17,São Paulo,796.324,796.324
2026-05-18,São Paulo,1208.364,1208.364
2026-05-19,São Paulo,1116.59,1116.59
2026-05-20,São Paulo,1086.546,1086.546
2026-05-21,São Paulo,1045.214,1045.214
2026-05-22,São Paulo,929.635,929.635
2026-05-23,São Paulo,822.53,822.53
2026-05-24,São Paulo,771.023,771.023
2026-05-25,São Paulo,1146.852,1146.852
2026-05-26,São Paulo,1093.696,1093.696
2026-05-27,São Paulo,1043.906,1043.906
2026-05-28,São Paulo,1020.293,1020.293
2026-05-29,São Paulo,978.116,978.116
2026-05-30,São Paulo,865.504,865.504
2026-05-31,São Paulo,774.899,774.899
2026-01-05,Rio de Janeiro,794.024,794.024
2026-01-06,Rio de Janeiro,746.334,746.334
2026-01-07,Rio de Janeiro,680.141,680.141
2026-01-08,Rio de Janeiro,677.13,677.13
2026-01-09,Rio de Janeiro,653.026,653.026
2026-01-10,Rio de Janeiro,565.935,565.935
2026-01-11,Rio de Janeiro,511.578,511.578
2026-01-12,Rio de Janeiro,742.36,742.36
2026-01-13,Rio de Janeiro,693.936,693.936
2026-01-14,Rio de Janeiro,673.773,673.773
2026-01-15,Rio de Janeiro,669.171,669.171
2026-01-16,Rio de Janeiro,641.271,641.271
2026-01-17,Rio de Janeiro,570.859,570.859
2026-01-18,Rio de Janeiro,532.81,532.81
2026-01-19,Rio de Janeiro,751.902,751.902
2026-01-20,Rio de Janeiro,766.028,766.028
2026-01-21,Rio de Janeiro,759.408,759.408
2026-01-22,Rio de Janeiro,678.3,678.3
2026-01-23,Rio de Janeiro,647.173,647.173
2026-01-24,Rio de Janeiro,557.229,557.229
2026-01-25,Rio de Janeiro,516.212,516.212
2026-01-26,Rio de Janeiro,755.957,755.957
2026-01-27,Rio de Janeiro,707.205,707.205
2026-01-28,Rio de Janeiro,686.889,686.889
2026-01-29,Rio de Janeiro,647.785,647.785
2026-01-30,Rio de Janeiro,623.277,623.277
2026-01-31,Rio de Janeiro,553.472,553.472
2026-02-01,Rio de Janeiro,534.806,534.806
2026-02-02,Rio de Janeiro,748.285,748.285
2026-02-03,Rio de Janeiro,731.899,731.899
2026-02-04,Rio de Janeiro,723.329,723.329
2026-02-05,Rio de Janeiro,753.96,753.96
2026-02-06,Rio de Janeiro,719.556,719.556
2026-02-07,Rio de Janeiro,594.939,594.939
2026-02-08,Rio de Janeiro,556.227,556.227
2026-02-09,Rio de Janeiro,830.903,830.903
2026-02-10,Rio de Janeiro,770.661,770.661
2026-02-11,Rio de Janeiro,756.037,756.037
2026-02-12,Rio de Janeiro,718.574,718.574
2026-02-13,Rio de Janeiro,696.186,696.186
2026-02-14,Rio de Janeiro,422.023,422.023
2026-02-15,Rio de Janeiro,391.459,391.459
2026-02-16,Rio de Janeiro,572.146,572.146
2026-02-17,Rio de Janeiro,545.845,545.845
2026-02-18,Rio de Janeiro,754.739,754.739
2026-02-19,Rio de Janeiro,714.323,714.323
2026-02-20,Rio de Janeiro,730.988,730.988
2026-02-21,Rio de Janeiro,635.057,635.057
2026-02-22,Rio de Janeiro,540.822,540.822
2026-02-23,Rio de Janeiro,785.855,785.855
2026-02-24,Rio de Janeiro,770.282,770.282
2026-02-25,Rio de Janeiro,780.208,780.208
2026-02-26,Rio de Janeiro,737.58,737.58
2026-02-27,Rio de Janeiro,720.676,720.676
2026-02-28,Rio de Janeiro,634.054,634.054
2026-03-01,Rio de Janeiro,586.931,586.931
2026-03-02,Rio de Janeiro,850.226,850.226
2026-03-03,Rio de Janeiro,810.8,810.8
2026-03-04,Rio de Janeiro,759.836,759.836
2026-03-05,Rio de Janeiro,784.21,784.21
2026-03-06,Rio de Janeiro,719.632,719.632
2026-03-07,Rio de Janeiro,571.935,571.935
2026-03-08,Rio de Janeiro,537.681,537.681
2026-03-09,Rio de Janeiro,779.709,779.709
2026-03-10,Rio de Janeiro,742.306,742.306
2026-03-11,Rio de Janeiro,714.29,714.29
2026-03-12,Rio de Janeiro,706.347,706.347
2026-03-13,Rio de Janeiro,677.569,677.569
2026-03-14,Rio de Janeiro,594.156,594.156
2026-03-15,Rio de Janeiro,570.175,570.175
2026-03-16,Rio de Janeiro,846.845,846.845
2026-03-17,Rio de Janeiro,807.578,807.578
2026-03-18,Rio de Janeiro,780.521,780.521
2026-03-19,Rio de Janeiro,766.774,766.774
2026-03-20,Rio de Janeiro,795.128,795.128
2026-03-21,Rio de Janeiro,706.285,706.285
2026-03-22,Rio de Janeiro,611.773,611.773
2026-03-23,Rio de Janeiro,877.953,877.953
2026-03-24,Rio de Janeiro,809.875,809.875
2026-03-25,Rio de Janeiro,784.885,784.885
2026-03-26,Rio de Janeiro,755.781,755.781
2026-03-27,Rio de Janeiro,720.042,720.042
2026-03-28,Rio de Janeiro,643.106,643.106
2026-03-29,Rio de Janeiro,600.049,600.049
2026-03-30,Rio de Janeiro,870.47,870.47
2026-03-31,Rio de Janeiro,811.078,811.078
2026-04-01,Rio de Janeiro,759.691,759.691
2026-04-02,Rio de Janeiro,739.915,739.915
2026-04-03,Rio de Janeiro,707.739,707.739
2026-04-04,Rio de Janeiro,623.118,623.118
2026-04-05,Rio de Janeiro,622.739,622.739
2026-04-06,Rio de Janeiro,892.802,892.802
2026-04-07,Rio de Janeiro,785.234,785.234
2026-04-08,Rio de Janeiro,738.491,738.491
2026-04-09,Rio de Janeiro,712.57,712.57
2026-04-10,Rio de Janeiro,678.848,678.848
2026-04-11,Rio de Janeiro,579.562,579.562
2026-04-12,Rio de Janeiro,529.081,529.081
2026-04-13,Rio de Janeiro,784.154,784.154
2026-04-14,Rio de Janeiro,730.132,730.132
2026-04-15,Rio de Janeiro,721.657,721.657
2026-04-16,Rio de Janeiro,716.237,716.237
2026-04-17,Rio de Janeiro,699.012,699.012
2026-04-18,Rio de Janeiro,590.451,590.451
2026-04-19,Rio de Janeiro,537.616,537.616
2026-04-20,Rio de Janeiro,836.892,836.892
2026-04-21,Rio de Janeiro,793.775,793.775
2026-04-22,Rio de Janeiro,729.206,729.206
2026-04-23,Rio de Janeiro,709.729,709.729
2026-04-24,Rio de Janeiro,696.056,696.056
2026-04-25,Rio de Janeiro,617.813,617.813
2026-04-26,Rio de Janeiro,571.777,571.777
2026-04-27,Rio de Janeiro,822.012,822.012
2026-04-28,Rio de Janeiro,761.86,761.86
2026-04-29,Rio de Janeiro,755.317,755.317
2026-04-30,Rio de Janeiro,696.736,696.736
2026-05-01,Rio de Janeiro,649.048,649.048
2026-05-02,Rio de Janeiro,569.446,569.446
2026-05-03,Rio de Janeiro,540.507,540.507
2026-05-04,Rio de Janeiro,803.865,803.865
2026-05-05,Rio de Janeiro,819.476,819.476
2026-05-06,Rio de Janeiro,787.411,787.411
2026-05-07,Rio de Janeiro,730.464,730.464
2026-05-08,Rio de Janeiro,719.209,719.209
2026-05-09,Rio de Janeiro,634.211,634.211
2026-05-10,Rio de Janeiro,599.956,599.956
2026-05-11,Rio de Janeiro,875.809,875.809
2026-05-12,Rio de Janeiro,823.86,823.86
2026-05-13,Rio de Janeiro,806.219,806.219
2026-05-14,Rio de Janeiro,776.852,776.852
2026-05-15,Rio de Janeiro,734.304,734.304
2026-05-16,Rio de Janeiro,650.929,650.929
2026-05-17,Rio de Janeiro,581.458,581.458
2026-05-18,Rio de Janeiro,821.198,821.198
2026-05-19,Rio de Janeiro,758.893,758.893
2026-05-20,Rio de Janeiro,764.907,764.907
2026-05-21,Rio de Janeiro,751.197,751.197
2026-05-22,Rio de Janeiro,665.178,665.178
2026-05-23,Rio de Janeiro,583.642,583.642
2026-05-24,Rio de Janeiro,546.627,546.627
2026-05-25,Rio de Janeiro,841.538,841.538
2026-05-26,Rio de Janeiro,820.555,820.555
2026-05-27,Rio de Janeiro,770.43,770.43
2026-05-28,Rio de Janeiro,743.389,743.389
2026-05-29,Rio de Janeiro,694.513,694.513
2026-05-30,Rio de Janeiro,594.025,594.025
2026-05-31,Rio de Janeiro,559.413,559.413
2026-01-05,Brasília,298.93,298.93
2026-01-06,Brasília,266.724,266.724
2026-01-07,Brasília,238.272,238.272
2026-01-08,Brasília,235.061,235.061
2026-01-09,Brasília,225.858,225.858
2026-01-10,Brasília,198.179,198.179
2026-01-11,Brasília,177.022,177.022
2026-01-12,Brasília,268.184,268.184
2026-01-13,Brasília,253.758,253.758
2026-01-14,Brasília,243.254,243.254
2026-01-15,Brasília,239.39,239.39
2026-01-16,Brasília,224.534,224.534
2026-01-17,Brasília,196.848,196.848
2026-01-18,Brasília,183.944,183.944
2026-01-19,Brasília,276.606,276.606
2026-01-20,Brasília,280.726,280.726
2026-01-21,Brasília,279.572,279.572
2026-01-22,Brasília,259.245,259.245
2026-01-23,Brasília,249.095,249.095
2026-01-24,Brasília,220.748,220.748
2026-01-25,Brasília,212.419,212.419
2026-01-26,Brasília,321.197,321.197
2026-01-27,Brasília,295.448,295.448
2026-01-28,Brasília,274.827,274.827
2026-01-29,Brasília,271.008,271.008
2026-01-30,Brasília,249.974,249.974
2026-01-31,Brasília,215.139,215.139
2026-02-01,Brasília,195.287,195.287
2026-02-02,Brasília,293.8,293.8
2026-02-03,Brasília,276.45,276.45
2026-02-04,Brasília,268.016,268.016
2026-02-05,Brasília,275.585,275.585
2026-02-06,Brasília,263.792,263.792
2026-02-07,Brasília,213.197,213.197
2026-02-08,Brasília,204.06,204.06
2026-02-09,Brasília,304.605,304.605
2026-02-10,Brasília,288.051,288.051
2026-02-11,Brasília,270.513,270.513
2026-02-12,Brasília,262.691,262.691
2026-02-13,Brasília,249.959,249.959
2026-02-14,Brasília,145.973,145.973
2026-02-15,Brasília,131.916,131.916
2026-02-16,Brasília,190.216,190.216
2026-02-17,Brasília,173.223,173.223
2026-02-18,Brasília,235.879,235.879
2026-02-19,Brasília,239.743,239.743
2026-02-20,Brasília,252.267,252.267
2026-02-21,Brasília,230.122,230.122
2026-02-22,Brasília,198.394,198.394
2026-02-23,Brasília,300.011,300.011
2026-02-24,Brasília,279.554,279.554
2026-02-25,Brasília,274.015,274.015
2026-02-26,Brasília,270.697,270.697
2026-02-27,Brasília,251.373,251.373
2026-02-28,Brasília,221.283,221.283
2026-03-01,Brasília,206.909,206.909
2026-03-02,Brasília,298.37,298.37
2026-03-03,Brasília,281.978,281.978
2026-03-04,Brasília,265.321,265.321
2026-03-05,Brasília,280.681,280.681
2026-03-06,Brasília,267.439,267.439
2026-03-07,Brasília,217.607,217.607
2026-03-08,Brasília,203.972,203.972
2026-03-09,Brasília,307.314,307.314
2026-03-10,Brasília,294.971,294.971
2026-03-11,Brasília,292.81,292.81
2026-03-12,Brasília,286.126,286.126
2026-03-13,Brasília,265.907,265.907
2026-03-14,Brasília,240.29,240.29
2026-03-15,Brasília,218.725,218.725
2026-03-16,Brasília,328.11,328.11
2026-03-17,Brasília,302.63,302.63
2026-03-18,Brasília,284.758,284.758
2026-03-19,Brasília,270.026,270.026
2026-03-20,Brasília,274.409,274.409
2026-03-21,Brasília,233.581,233.581
2026-03-22,Brasília,206.322,206.322
2026-03-23,Brasília,316.847,316.847
2026-03-24,Brasília,294.845,294.845
2026-03-25,Brasília,287.082,287.082
2026-03-26,Brasília,276.694,276.694
2026-03-27,Brasília,262.491,262.491
2026-03-28,Brasília,233.947,233.947
2026-03-29,Brasília,219.14,219.14
2026-03-30,Brasília,330.347,330.347
2026-03-31,Brasília,302.41,302.41
2026-04-01,Brasília,297.426,297.426
2026-04-02,Brasília,285.605,285.605
2026-04-03,Brasília,276.657,276.657
2026-04-04,Brasília,241.872,241.872
2026-04-05,Brasília,235.36,235.36
2026-04-06,Brasília,342.393,342.393
2026-04-07,Brasília,292.065,292.065
2026-04-08,Brasília,282.323,282.323
2026-04-09,Brasília,275.11,275.11
2026-04-10,Brasília,264.558,264.558
2026-04-11,Brasília,236.232,236.232
2026-04-12,Brasília,218.685,218.685
2026-04-13,Brasília,313.454,313.454
2026-04-14,Brasília,294.759,294.759
2026-04-15,Brasília,276.86,276.86
2026-04-16,Brasília,271.052,271.052
2026-04-17,Brasília,257.142,257.142
2026-04-18,Brasília,233.276,233.276
2026-04-19,Brasília,216.116,216.116
2026-04-20,Brasília,339.138,339.138
2026-04-21,Brasília,324.932,324.932
2026-04-22,Brasília,276.284,276.284
2026-04-23,Brasília,259.267,259.267
2026-04-24,Brasília,251.078,251.078
2026-04-25,Brasília,222.972,222.972
2026-04-26,Brasília,206.987,206.987
2026-04-27,Brasília,299.501,299.501
2026-04-28,Brasília,280.427,280.427
2026-04-29,Brasília,280.051,280.051
2026-04-30,Brasília,275.851,275.851
2026-05-01,Brasília,259.856,259.856
2026-05-02,Brasília,223.045,223.045
2026-05-03,Brasília,204.209,204.209
2026-05-04,Brasília,285.635,285.635
2026-05-05,Brasília,289.032,289.032
2026-05-06,Brasília,286.167,286.167
2026-05-07,Brasília,252.853,252.853
2026-05-08,Brasília,243.612,243.612
2026-05-09,Brasília,213.953,213.953
2026-05-10,Brasília,198.84,198.84
2026-05-11,Brasília,299.97,299.97
2026-05-12,Brasília,275.868,275.868
2026-05-13,Brasília,270.224,270.224
2026-05-14,Brasília,264.474,264.474
2026-05-15,Brasília,251.738,251.738
2026-05-16,Brasília,208.097,208.097
2026-05-17,Brasília,190.789,190.789
2026-05-18,Brasília,291.66,291.66
2026-05-19,Brasília,263.526,263.526
2026-05-20,Brasília,275.275,275.275
2026-05-21,Brasília,262.075,262.075
2026-05-22,Brasília,243.483,243.483
2026-05-23,Brasília,213.816,213.816
2026-05-24,Brasília,205.697,205.697
2026-05-25,Brasília,310.488,310.488
2026-05-26,Brasília,298.205,298.205
2026-05-27,Brasília,284.192,284.192
2026-05-28,Brasília,276.757,276.757
2026-05-29,Brasília,255.778,255.778
2026-05-30,Brasília,227.691,227.691
2026-05-31,Brasília,206.171,206.171
2026-01-05,Fortaleza,282.52,282.52
2026-01-06,Fortaleza,260.505,260.505
2026-01-07,Fortaleza,237.768,237.768
2026-01-08,Fortaleza,238.219,238.219
2026-01-09,Fortaleza,228.599,228.599
2026-01-10,Fortaleza,198.621,198.621
2026-01-11,Fortaleza,185.225,185.225
2026-01-12,Fortaleza,260.16,260.16
2026-01-13,Fortaleza,241.459,241.459
2026-01-14,Fortaleza,228.139,228.139
2026-01-15,Fortaleza,230.608,230.608
2026-01-16,Fortaleza,225.684,225.684
2026-01-17,Fortaleza,203.192,203.192
2026-01-18,Fortaleza,198.305,198.305
2026-01-19,Fortaleza,284.11,284.11
2026-01-20,Fortaleza,293.774,293.774
2026-01-21,Fortaleza,295.866,295.866
2026-01-22,Fortaleza,262.802,262.802
2026-01-23,Fortaleza,249.748,249.748
2026-01-24,Fortaleza,220.901,220.901
2026-01-25,Fortaleza,206.503,206.503
2026-01-26,Fortaleza,282.859,282.859
2026-01-27,Fortaleza,264.869,264.869
2026-01-28,Fortaleza,263.798,263.798
2026-01-29,Fortaleza,252.297,252.297
2026-01-30,Fortaleza,233.821,233.821
2026-01-31,Fortaleza,210.562,210.562
2026-02-01,Fortaleza,195.457,195.457
2026-02-02,Fortaleza,272.237,272.237
2026-02-03,Fortaleza,266.102,266.102
2026-02-04,Fortaleza,255.704,255.704
2026-02-05,Fortaleza,265.289,265.289
2026-02-06,Fortaleza,264.322,264.322
2026-02-07,Fortaleza,219.34,219.34
2026-02-08,Fortaleza,202.709,202.709
2026-02-09,Fortaleza,282.879,282.879
2026-02-10,Fortaleza,267.666,267.666
2026-02-11,Fortaleza,255.111,255.111
2026-02-12,Fortaleza,247.624,247.624
2026-02-13,Fortaleza,241.338,241.338
2026-02-14,Fortaleza,146.675,146.675
2026-02-15,Fortaleza,143.128,143.128
2026-02-16,Fortaleza,198.581,198.581
2026-02-17,Fortaleza,192.521,192.521
2026-02-18,Fortaleza,260.01,260.01
2026-02-19,Fortaleza,261.013,261.013
2026-02-20,Fortaleza,275.487,275.487
2026-02-21,Fortaleza,248.636,248.636
2026-02-22,Fortaleza,209.178,209.178
2026-02-23,Fortaleza,298.133,298.133
2026-02-24,Fortaleza,282.854,282.854
2026-02-25,Fortaleza,266.683,266.683
2026-02-26,Fortaleza,259.552,259.552
2026-02-27,Fortaleza,251.762,251.762
2026-02-28,Fortaleza,225.445,225.445
2026-03-01,Fortaleza,210.687,210.687
2026-03-02,Fortaleza,294.662,294.662
2026-03-03,Fortaleza,291.471,291.471
2026-03-04,Fortaleza,279.94,279.94
2026-03-05,Fortaleza,275.466,275.466
2026-03-06,Fortaleza,257.275,257.275
2026-03-07,Fortaleza,211.732,211.732
2026-03-08,Fortaleza,194.88,194.88
2026-03-09,Fortaleza,278.683,278.683
2026-03-10,Fortaleza,272.122,272.122
2026-03-11,Fortaleza,256.356,256.356
2026-03-12,Fortaleza,246.143,246.143
2026-03-13,Fortaleza,233.114,233.114
2026-03-14,Fortaleza,212.579,212.579
2026-03-15,Fortaleza,206.042,206.042
2026-03-16,Fortaleza,283.198,283.198
2026-03-17,Fortaleza,271.758,271.758
2026-03-18,Fortaleza,249.68,249.68
2026-03-19,Fortaleza,253.517,253.517
2026-03-20,Fortaleza,265.147,265.147
2026-03-21,Fortaleza,236.811,236.811
2026-03-22,Fortaleza,209.95,209.95
2026-03-23,Fortaleza,287.611,287.611
2026-03-24,Fortaleza,282.62,282.62
2026-03-25,Fortaleza,268.944,268.944
2026-03-26,Fortaleza,263.509,263.509
2026-03-27,Fortaleza,253.894,253.894
2026-03-28,Fortaleza,222.11,222.11
2026-03-29,Fortaleza,208.701,208.701
2026-03-30,Fortaleza,295.179,295.179
2026-03-31,Fortaleza,284.097,284.097
2026-04-01,Fortaleza,275.955,275.955
2026-04-02,Fortaleza,269.346,269.346
2026-04-03,Fortaleza,260.285,260.285
2026-04-04,Fortaleza,241.999,241.999
2026-04-05,Fortaleza,234.553,234.553
2026-04-06,Fortaleza,339.112,339.112
2026-04-07,Fortaleza,304.782,304.782
2026-04-08,Fortaleza,284.622,284.622
2026-04-09,Fortaleza,282.883,282.883
2026-04-10,Fortaleza,273.119,273.119
2026-04-11,Fortaleza,240.195,240.195
2026-04-12,Fortaleza,221.779,221.779
2026-04-13,Fortaleza,305.861,305.861
2026-04-14,Fortaleza,288.549,288.549
2026-04-15,Fortaleza,272.765,272.765
2026-04-16,Fortaleza,271.354,271.354
2026-04-17,Fortaleza,256.276,256.276
2026-04-18,Fortaleza,223.393,223.393
2026-04-19,Fortaleza,210.859,210.859
2026-04-20,Fortaleza,319.646,319.646
2026-04-21,Fortaleza,303.665,303.665
2026-04-22,Fortaleza,275.309,275.309
2026-04-23,Fortaleza,266.765,266.765
2026-04-24,Fortaleza,246.904,246.904
2026-04-25,Fortaleza,218.673,218.673
2026-04-26,Fortaleza,200.041,200.041
2026-04-27,Fortaleza,282.934,282.934
2026-04-28,Fortaleza,268.446,268.446
2026-04-29,Fortaleza,258.664,258.664
2026-04-30,Fortaleza,242.752,242.752
2026-05-01,Fortaleza,230.943,230.943
2026-05-02,Fortaleza,212.275,212.275
2026-05-03,Fortaleza,198.05,198.05
2026-05-04,Fortaleza,278.986,278.986
2026-05-05,Fortaleza,274.258,274.258
2026-05-06,Fortaleza,273.042,273.042
2026-05-07,Fortaleza,249.44,249.44
2026-05-08,Fortaleza,245.541,245.541
2026-05-09,Fortaleza,230.71,230.71
2026-05-10,Fortaleza,220.032,220.032
2026-05-11,Fortaleza,309.838,309.838
2026-05-12,Fortaleza,289.736,289.736
2026-05-13,Fortaleza,275.926,275.926
2026-05-14,Fortaleza,267.793,267.793
2026-05-15,Fortaleza,257.465,257.465
2026-05-16,Fortaleza,226.272,226.272
2026-05-17,Fortaleza,215.296,215.296
2026-05-18,Fortaleza,299.619,299.619
2026-05-19,Fortaleza,294.254,294.254
2026-05-20,Fortaleza,298.049,298.049
2026-05-21,Fortaleza,298.704,298.704
2026-05-22,Fortaleza,266.081,266.081
2026-05-23,Fortaleza,245.139,245.139
2026-05-24,Fortaleza,229.913,229.913
2026-05-25,Fortaleza,314.938,314.938
2026-05-26,Fortaleza,299.716,299.716
2026-05-27,Fortaleza,283.854,283.854
2026-05-28,Fortaleza,273.022,273.022
2026-05-29,Fortaleza,254.247,254.247
2026-05-30,Fortaleza,219.26,219.26
2026-05-31,Fortaleza,201.207,201.207
2026-01-05,Salvador,286.523,286.523
2026-01-06,Salvador,278.77,278.77
2026-01-07,Salvador,252.433,252.433
2026-01-08,Salvador,238.007,238.007
2026-01-09,Salvador,228.234,228.234
2026-01-10,Salvador,206.856,206.856
2026-01-11,Salvador,202.234,202.234
2026-01-12,Salvador,262.153,262.153
2026-01-13,Salvador,251.484,251.484
2026-01-14,Salvador,249.934,249.934
2026-01-15,Salvador,248.872,248.872
2026-01-16,Salvador,243.973,243.973
2026-01-17,Salvador,219.499,219.499
2026-01-18,Salvador,208.775,208.775
2026-01-19,Salvador,290.382,290.382
2026-01-20,Salvador,293.648,293.648
2026-01-21,Salvador,288.059,288.059
2026-01-22,Salvador,253.191,253.191
2026-01-23,Salvador,248.868,248.868
2026-01-24,Salvador,222.86,222.86
2026-01-25,Salvador,206.891,206.891
2026-01-26,Salvador,278.149,278.149
2026-01-27,Salvador,265.007,265.007
2026-01-28,Salvador,249.979,249.979
2026-01-29,Salvador,239.598,239.598
2026-01-30,Salvador,224.041,224.041
2026-01-31,Salvador,204.2,204.2
2026-02-01,Salvador,189.406,189.406
2026-02-02,Salvador,262.394,262.394
2026-02-03,Salvador,251.794,251.794
2026-02-04,Salvador,248.817,248.817
2026-02-05,Salvador,256.303,256.303
2026-02-06,Salvador,255.995,255.995
2026-02-07,Salvador,216.434,216.434
2026-02-08,Salvador,203.723,203.723
2026-02-09,Salvador,281.436,281.436
2026-02-10,Salvador,260.413,260.413
2026-02-11,Salvador,251.831,251.831
2026-02-12,Salvador,257.239,257.239
2026-02-13,Salvador,247.728,247.728
2026-02-14,Salvador,157.459,157.459
2026-02-15,Salvador,153.202,153.202
2026-02-16,Salvador,209.455,209.455
2026-02-17,Salvador,194.455,194.455
2026-02-18,Salvador,261.344,261.344
2026-02-19,Salvador,258.56,258.56
2026-02-20,Salvador,265.891,265.891
2026-02-21,Salvador,246.784,246.784
2026-02-22,Salvador,215.248,215.248
2026-02-23,Salvador,282.774,282.774
2026-02-24,Salvador,264.352,264.352
2026-02-25,Salvador,248.283,248.283
2026-02-26,Salvador,244.877,244.877
2026-02-27,Salvador,239.11,239.11
2026-02-28,Salvador,215.489,215.489
2026-03-01,Salvador,208.843,208.843
2026-03-02,Salvador,289.23,289.23
2026-03-03,Salvador,280.607,280.607
2026-03-04,Salvador,256.829,256.829
2026-03-05,Salvador,274.316,274.316
2026-03-06,Salvador,262.477,262.477
2026-03-07,Salvador,220.783,220.783
2026-03-08,Salvador,214.979,214.979
2026-03-09,Salvador,288.121,288.121
2026-03-10,Salvador,285.906,285.906
2026-03-11,Salvador,269.743,269.743
2026-03-12,Salvador,260.59,260.59
2026-03-13,Salvador,243.225,243.225
2026-03-14,Salvador,222.976,222.976
2026-03-15,Salvador,217.618,217.618
2026-03-16,Salvador,290.096,290.096
2026-03-17,Salvador,281.347,281.347
2026-03-18,Salvador,268.868,268.868
2026-03-19,Salvador,262.248,262.248
2026-03-20,Salvador,278.838,278.838
2026-03-21,Salvador,250.986,250.986
2026-03-22,Salvador,214.27,214.27
2026-03-23,Salvador,287.832,287.832
2026-03-24,Salvador,281.692,281.692
2026-03-25,Salvador,273.492,273.492
2026-03-26,Salvador,262.473,262.473
2026-03-27,Salvador,253.976,253.976
2026-03-28,Salvador,225.821,225.821
2026-03-29,Salvador,210.455,210.455
2026-03-30,Salvador,280.862,280.862
2026-03-31,Salvador,268.12,268.12
2026-04-01,Salvador,261.045,261.045
2026-04-02,Salvador,259.764,259.764
2026-04-03,Salvador,260.071,260.071
2026-04-04,Salvador,235.518,235.518
2026-04-05,Salvador,237.257,237.257
2026-04-06,Salvador,326.5,326.5
2026-04-07,Salvador,285.855,285.855
2026-04-08,Salvador,269.88,269.88
2026-04-09,Salvador,257.009,257.009
2026-04-10,Salvador,246.385,246.385
2026-04-11,Salvador,215.246,215.246
2026-04-12,Salvador,205.252,205.252
2026-04-13,Salvador,283.408,283.408
2026-04-14,Salvador,265.784,265.784
2026-04-15,Salvador,254.37,254.37
2026-04-16,Salvador,249.944,249.944
2026-04-17,Salvador,241.566,241.566
2026-04-18,Salvador,219.461,219.461
2026-04-19,Salvador,202.038,202.038
2026-04-20,Salvador,288.336,288.336
2026-04-21,Salvador,277.125,277.125
2026-04-22,Salvador,257.718,257.718
2026-04-23,Salvador,245.085,245.085
2026-04-24,Salvador,236.929,236.929
2026-04-25,Salvador,222.712,222.712
2026-04-26,Salvador,211.479,211.479
2026-04-27,Salvador,290.225,290.225
2026-04-28,Salvador,273.293,273.293
2026-04-29,Salvador,265.901,265.901
2026-04-30,Salvador,256.175,256.175
2026-05-01,Salvador,238.897,238.897
2026-05-02,Salvador,221.356,221.356
2026-05-03,Salvador,206.795,206.795
2026-05-04,Salvador,277.476,277.476
2026-05-05,Salvador,275.051,275.051
2026-05-06,Salvador,261.757,261.757
2026-05-07,Salvador,242.05,242.05
2026-05-08,Salvador,236.846,236.846
2026-05-09,Salvador,219.592,219.592
2026-05-10,Salvador,209.769,209.769
2026-05-11,Salvador,292.738,292.738
2026-05-12,Salvador,282.339,282.339
2026-05-13,Salvador,281.189,281.189
2026-05-14,Salvador,266.192,266.192
2026-05-15,Salvador,258.412,258.412
2026-05-16,Salvador,237.146,237.146
2026-05-17,Salvador,226.248,226.248
2026-05-18,Salvador,296.987,296.987
2026-05-19,Salvador,280.718,280.718
2026-05-20,Salvador,294.906,294.906
2026-05-21,Salvador,291.136,291.136
2026-05-22,Salvador,261.63,261.63
2026-05-23,Salvador,240.459,240.459
2026-05-24,Salvador,230.631,230.631
2026-05-25,Salvador,313.6,313.6
2026-05-26,Salvador,297.027,297.027
2026-05-27,Salvador,278.342,278.342
2026-05-28,Salvador,270.404,270.404
2026-05-29,Salvador,256.962,256.962
2026-05-30,Salvador,232.679,232.679
2026-05-31,Salvador,231.908,231.908
2026-01-05,Belo Horizonte,289.765,289.765
2026-01-06,Belo Horizonte,269.713,269.713
2026-01-07,Belo Horizonte,249.708,249.708
2026-01-08,Belo Horizonte,244.839,244.839
2026-01-09,Belo Horizonte,235.807,235.807
2026-01-10,Belo Horizonte,210.853,210.853
2026-01-11,Belo Horizonte,194.263,194.263
2026-01-12,Belo Horizonte,276.396,276.396
2026-01-13,Belo Horizonte,250.445,250.445
2026-01-14,Belo Horizonte,251.624,251.624
2026-01-15,Belo Horizonte,247.213,247.213
2026-01-16,Belo Horizonte,244.743,244.743
2026-01-17,Belo Horizonte,211.223,211.223
2026-01-18,Belo Horizonte,193.327,193.327
2026-01-19,Belo Horizonte,271.539,271.539
2026-01-20,Belo Horizonte,273.42,273.42
2026-01-21,Belo Horizonte,270.98,270.98
2026-01-22,Belo Horizonte,248.087,248.087
2026-01-23,Belo Horizonte,233.541,233.541
2026-01-24,Belo Horizonte,210.733,210.733
2026-01-25,Belo Horizonte,198.002,198.002
2026-01-26,Belo Horizonte,276.842,276.842
2026-01-27,Belo Horizonte,257.633,257.633
2026-01-28,Belo Horizonte,251.564,251.564
2026-01-29,Belo Horizonte,233.009,233.009
2026-01-30,Belo Horizonte,229.283,229.283
2026-01-31,Belo Horizonte,200.005,200.005
2026-02-01,Belo Horizonte,187.19,187.19
2026-02-02,Belo Horizonte,262.833,262.833
2026-02-03,Belo Horizonte,258.327,258.327
2026-02-04,Belo Horizonte,256.059,256.059
2026-02-05,Belo Horizonte,263.797,263.797
2026-02-06,Belo Horizonte,251.762,251.762
2026-02-07,Belo Horizonte,215.234,215.234
2026-02-08,Belo Horizonte,205.991,205.991
2026-02-09,Belo Horizonte,289.588,289.588
2026-02-10,Belo Horizonte,272.766,272.766
2026-02-11,Belo Horizonte,257.064,257.064
2026-02-12,Belo Horizonte,252.48,252.48
2026-02-13,Belo Horizonte,239.778,239.778
2026-02-14,Belo Horizonte,153.371,153.371
2026-02-15,Belo Horizonte,142.893,142.893
2026-02-16,Belo Horizonte,207.085,207.085
2026-02-17,Belo Horizonte,195.088,195.088
2026-02-18,Belo Horizonte,272.103,272.103
2026-02-19,Belo Horizonte,272.879,272.879
2026-02-20,Belo Horizonte,285.928,285.928
2026-02-21,Belo Horizonte,252.898,252.898
2026-02-22,Belo Horizonte,219.07,219.07
2026-02-23,Belo Horizonte,304.291,304.291
2026-02-24,Belo Horizonte,291.481,291.481
2026-02-25,Belo Horizonte,276.736,276.736
2026-02-26,Belo Horizonte,266.061,266.061
2026-02-27,Belo Horizonte,247.8,247.8
2026-02-28,Belo Horizonte,222.235,222.235
2026-03-01,Belo Horizonte,211.252,211.252
2026-03-02,Belo Horizonte,295.434,295.434
2026-03-03,Belo Horizonte,276.633,276.633
2026-03-04,Belo Horizonte,267.077,267.077
2026-03-05,Belo Horizonte,282.106,282.106
2026-03-06,Belo Horizonte,263.891,263.891
2026-03-07,Belo Horizonte,217.028,217.028
2026-03-08,Belo Horizonte,197.02,197.02
2026-03-09,Belo Horizonte,274.645,274.645
2026-03-10,Belo Horizonte,264.341,264.341
2026-03-11,Belo Horizonte,261.979,261.979
2026-03-12,Belo Horizonte,253.19,253.19
2026-03-13,Belo Horizonte,246.769,246.769
2026-03-14,Belo Horizonte,219.576,219.576
2026-03-15,Belo Horizonte,208.652,208.652
2026-03-16,Belo Horizonte,292.792,292.792
2026-03-17,Belo Horizonte,284.707,284.707
2026-03-18,Belo Horizonte,270.231,270.231
2026-03-19,Belo Horizonte,255.283,255.283
2026-03-20,Belo Horizonte,257.797,257.797
2026-03-21,Belo Horizonte,231.134,231.134
2026-03-22,Belo Horizonte,198.761,198.761
2026-03-23,Belo Horizonte,282.422,282.422
2026-03-24,Belo Horizonte,269.762,269.762
2026-03-25,Belo Horizonte,274.209,274.209
2026-03-26,Belo Horizonte,264.913,264.913
2026-03-27,Belo Horizonte,259.8,259.8
2026-03-28,Belo Horizonte,225.213,225.213
2026-03-29,Belo Horizonte,208.427,208.427
2026-03-30,Belo Horizonte,289.86,289.86
2026-03-31,Belo Horizonte,265.088,265.088
2026-04-01,Belo Horizonte,259.828,259.828
2026-04-02,Belo Horizonte,266.555,266.555
2026-04-03,Belo Horizonte,254.169,254.169
2026-04-04,Belo Horizonte,227.811,227.811
2026-04-05,Belo Horizonte,229.371,229.371
2026-04-06,Belo Horizonte,321.292,321.292
2026-04-07,Belo Horizonte,279.731,279.731
2026-04-08,Belo Horizonte,258.985,258.985
2026-04-09,Belo Horizonte,253.173,253.173
2026-04-10,Belo Horizonte,242.852,242.852
2026-04-11,Belo Horizonte,209.511,209.511
2026-04-12,Belo Horizonte,194.66,194.66
2026-04-13,Belo Horizonte,278.916,278.916
2026-04-14,Belo Horizonte,260.679,260.679
2026-04-15,Belo Horizonte,254.117,254.117
2026-04-16,Belo Horizonte,248.868,248.868
2026-04-17,Belo Horizonte,251.67,251.67
2026-04-18,Belo Horizonte,218.362,218.362
2026-04-19,Belo Horizonte,201.19,201.19
2026-04-20,Belo Horizonte,316.393,316.393
2026-04-21,Belo Horizonte,309.818,309.818
2026-04-22,Belo Horizonte,276.39,276.39
2026-04-23,Belo Horizonte,264.734,264.734
2026-04-24,Belo Horizonte,251.693,251.693
2026-04-25,Belo Horizonte,226.5,226.5
2026-04-26,Belo Horizonte,211.514,211.514
2026-04-27,Belo Horizonte,295.843,295.843
2026-04-28,Belo Horizonte,275.849,275.849
2026-04-29,Belo Horizonte,265.464,265.464
2026-04-30,Belo Horizonte,251.092,251.092
2026-05-01,Belo Horizonte,241.887,241.887
2026-05-02,Belo Horizonte,219.843,219.843
2026-05-03,Belo Horizonte,203.789,203.789
2026-05-04,Belo Horizonte,289.424,289.424
2026-05-05,Belo Horizonte,290.162,290.162
2026-05-06,Belo Horizonte,283.678,283.678
2026-05-07,Belo Horizonte,258.008,258.008
2026-05-08,Belo Horizonte,258.618,258.618
2026-05-09,Belo Horizonte,232.71,232.71
2026-05-10,Belo Horizonte,213.188,213.188
2026-05-11,Belo Horizonte,306.815,306.815
2026-05-12,Belo Horizonte,290.601,290.601
2026-05-13,Belo Horizonte,280.431,280.431
2026-05-14,Belo Horizonte,274.159,274.159
2026-05-15,Belo Horizonte,259.425,259.425
2026-05-16,Belo Horizonte,231.496,231.496
2026-05-17,Belo Horizonte,216.029,216.029
2026-05-18,Belo Horizonte,300.947,300.947
2026-05-19,Belo Horizonte,281.888,281.888
2026-05-20,Belo Horizonte,283.433,283.433
2026-05-21,Belo Horizonte,285.602,285.602
2026-05-22,Belo Horizonte,262.494,262.494
2026-05-23,Belo Horizonte,241.879,241.879
2026-05-24,Belo Horizonte,237.416,237.416
2026-05-25,Belo Horizonte,326.029,326.029
2026-05-26,Belo Horizonte,306.79,306.79
2026-05-27,Belo Horizonte,284.179,284.179
2026-05-28,Belo Horizonte,272.721,272.721
2026-05-29,Belo Horizonte,258.251,258.251
2026-05-30,Belo Horizonte,226.409,226.409
2026-05-31,Belo Horizonte,210.319,210.319
2026-01-05,Manaus,212.401,212.401
2026-01-06,Manaus,208.402,208.402
2026-01-07,Manaus,184.239,184.239
2026-01-08,Manaus,189.159,189.159
2026-01-09,Manaus,178.616,178.616
2026-01-10,Manaus,161.992,161.992
2026-01-11,Manaus,147.009,147.009
2026-01-12,Manaus,203.937,203.937
2026-01-13,Manaus,201.025,201.025
2026-01-14,Manaus,190.821,190.821
2026-01-15,Manaus,179.799,179.799
2026-01-16,Manaus,174.694,174.694
2026-01-17,Manaus,154.237,154.237
2026-01-18,Manaus,151.605,151.605
2026-01-19,Manaus,207.451,207.451
2026-01-20,Manaus,207.785,207.785
2026-01-21,Manaus,193.651,193.651
2026-01-22,Manaus,172.624,172.624
2026-01-23,Manaus,172.954,172.954
2026-01-24,Manaus,159.665,159.665
2026-01-25,Manaus,152.522,152.522
2026-01-26,Manaus,198.932,198.932
2026-01-27,Manaus,194.316,194.316
2026-01-28,Manaus,192.497,192.497
2026-01-29,Manaus,179.077,179.077
2026-01-30,Manaus,174.249,174.249
2026-01-31,Manaus,158.125,158.125
2026-02-01,Manaus,149.153,149.153
2026-02-02,Manaus,192.869,192.869
2026-02-03,Manaus,186.17,186.17
2026-02-04,Manaus,182.096,182.096
2026-02-05,Manaus,188.995,188.995
2026-02-06,Manaus,183.115,183.115
2026-02-07,Manaus,154.551,154.551
2026-02-08,Manaus,146.577,146.577
2026-02-09,Manaus,204.037,204.037
2026-02-10,Manaus,194.197,194.197
2026-02-11,Manaus,187.013,187.013
2026-02-12,Manaus,183.458,183.458
2026-02-13,Manaus,172.052,172.052
2026-02-14,Manaus,111.917,111.917
2026-02-15,Manaus,106.025,106.025
2026-02-16,Manaus,142.533,142.533
2026-02-17,Manaus,141.216,141.216
2026-02-18,Manaus,187.647,187.647
2026-02-19,Manaus,174.948,174.948
2026-02-20,Manaus,187.848,187.848
2026-02-21,Manaus,175.406,175.406
2026-02-22,Manaus,156.018,156.018
2026-02-23,Manaus,206.051,206.051
2026-02-24,Manaus,200.777,200.777
2026-02-25,Manaus,199.23,199.23
2026-02-26,Manaus,194.627,194.627
2026-02-27,Manaus,185.515,185.515
2026-02-28,Manaus,162.308,162.308
2026-03-01,Manaus,156.235,156.235
2026-03-02,Manaus,212.711,212.711
2026-03-03,Manaus,209.134,209.134
2026-03-04,Manaus,201.653,201.653
2026-03-05,Manaus,214.819,214.819
2026-03-06,Manaus,208.004,208.004
2026-03-07,Manaus,179.723,179.723
2026-03-08,Manaus,166.461,166.461
2026-03-09,Manaus,219.768,219.768
2026-03-10,Manaus,213.947,213.947
2026-03-11,Manaus,207.334,207.334
2026-03-12,Manaus,200.471,200.471
2026-03-13,Manaus,194.506,194.506
2026-03-14,Manaus,180.957,180.957
2026-03-15,Manaus,168.379,168.379
2026-03-16,Manaus,226.056,226.056
2026-03-17,Manaus,213.597,213.597
2026-03-18,Manaus,209.566,209.566
2026-03-19,Manaus,201.177,201.177
2026-03-20,Manaus,207.81,207.81
2026-03-21,Manaus,188.186,188.186
2026-03-22,Manaus,165.515,165.515
2026-03-23,Manaus,216.501,216.501
2026-03-24,Manaus,202.122,202.122
2026-03-25,Manaus,189.331,189.331
2026-03-26,Manaus,187.55,187.55
2026-03-27,Manaus,176.487,176.487
2026-03-28,Manaus,158.295,158.295
2026-03-29,Manaus,153.216,153.216
2026-03-30,Manaus,203.343,203.343
2026-03-31,Manaus,193.946,193.946
2026-04-01,Manaus,189.705,189.705
2026-04-02,Manaus,189.73,189.73
2026-04-03,Manaus,185.789,185.789
2026-04-04,Manaus,165.574,165.574
2026-04-05,Manaus,169.417,169.417
2026-04-06,Manaus,234.149,234.149
2026-04-07,Manaus,214.849,214.849
2026-04-08,Manaus,203.607,203.607
2026-04-09,Manaus,200.374,200.374
2026-04-10,Manaus,188.315,188.315
2026-04-11,Manaus,175.197,175.197
2026-04-12,Manaus,167.721,167.721
2026-04-13,Manaus,228.57,228.57
2026-04-14,Manaus,215.965,215.965
2026-04-15,Manaus,206.452,206.452
2026-04-16,Manaus,204.262,204.262
2026-04-17,Manaus,196.335,196.335
2026-04-18,Manaus,180.851,180.851
2026-04-19,Manaus,170.722,170.722
2026-04-20,Manaus,240.693,240.693
2026-04-21,Manaus,226.281,226.281
2026-04-22,Manaus,199.672,199.672
2026-04-23,Manaus,194.203,194.203
2026-04-24,Manaus,177.474,177.474
2026-04-25,Manaus,163.78,163.78
2026-04-26,Manaus,159.838,159.838
2026-04-27,Manaus,216.225,216.225
2026-04-28,Manaus,197.623,197.623
2026-04-29,Manaus,193.877,193.877
2026-04-30,Manaus,194.032,194.032
2026-05-01,Manaus,188.073,188.073
2026-05-02,Manaus,170.284,170.284
2026-05-03,Manaus,155.011,155.011
2026-05-04,Manaus,210.52,210.52
2026-05-05,Manaus,213.001,213.001
2026-05-06,Manaus,207.302,207.302
2026-05-07,Manaus,183.998,183.998
2026-05-08,Manaus,183.956,183.956
2026-05-09,Manaus,171.36,171.36
2026-05-10,Manaus,160.934,160.934
2026-05-11,Manaus,214.953,214.953
2026-05-12,Manaus,198.949,198.949
2026-05-13,Manaus,191.907,191.907
2026-05-14,Manaus,186.556,186.556
2026-05-15,Manaus,176.854,176.854
2026-05-16,Manaus,160.782,160.782
2026-05-17,Manaus,150.754,150.754
2026-05-18,Manaus,202.282,202.282
2026-05-19,Manaus,191.938,191.938
2026-05-20,Manaus,202.864,202.864
2026-05-21,Manaus,202.422,202.422
2026-05-22,Manaus,186.457,186.457
2026-05-23,Manaus,170.507,170.507
2026-05-24,Manaus,158.963,158.963
2026-05-25,Manaus,214.746,214.746
2026-05-26,Manaus,208.893,208.893
2026-05-27,Manaus,199.916,199.916
2026-05-28,Manaus,199.536,199.536
2026-05-29,Manaus,188.412,188.412
2026-05-30,Manaus,171.215,171.215
2026-05-31,Manaus,163.724,163.724
2026-01-05,Curitiba,226.506,226.506
2026-01-06,Curitiba,201.711,201.711
2026-01-07,Curitiba,182.533,182.533
2026-01-08,Curitiba,182.788,182.788
2026-01-09,Curitiba,173.541,173.541
2026-01-10,Curitiba,148.88,148.88
2026-01-11,Curitiba,137.483,137.483
2026-01-12,Curitiba,205.758,205.758
2026-01-13,Curitiba,186.347,186.347
2026-01-14,Curitiba,180.601,180.601
2026-01-15,Curitiba,178.785,178.785
2026-01-16,Curitiba,171.266,171.266
2026-01-17,Curitiba,149.484,149.484
2026-01-18,Curitiba,136.261,136.261
2026-01-19,Curitiba,203.672,203.672
2026-01-20,Curitiba,210.938,210.938
2026-01-21,Curitiba,200.834,200.834
2026-01-22,Curitiba,181.775,181.775
2026-01-23,Curitiba,173.197,173.197
2026-01-24,Curitiba,156.531,156.531
2026-01-25,Curitiba,142.195,142.195
2026-01-26,Curitiba,212.271,212.271
2026-01-27,Curitiba,200.903,200.903
2026-01-28,Curitiba,192.761,192.761
2026-01-29,Curitiba,187.75,187.75
2026-01-30,Curitiba,179.468,179.468
2026-01-31,Curitiba,154.821,154.821
2026-02-01,Curitiba,146.36,146.36
2026-02-02,Curitiba,210.27,210.27
2026-02-03,Curitiba,193.867,193.867
2026-02-04,Curitiba,191.805,191.805
2026-02-05,Curitiba,195.321,195.321
2026-02-06,Curitiba,187.797,187.797
2026-02-07,Curitiba,154.279,154.279
2026-02-08,Curitiba,143.584,143.584
2026-02-09,Curitiba,216.782,216.782
2026-02-10,Curitiba,206.553,206.553
2026-02-11,Curitiba,198.742,198.742
2026-02-12,Curitiba,184.786,184.786
2026-02-13,Curitiba,179.953,179.953
2026-02-14,Curitiba,114.615,114.615
2026-02-15,Curitiba,106.447,106.447
2026-02-16,Curitiba,157.46,157.46
2026-02-17,Curitiba,147.872,147.872
2026-02-18,Curitiba,203.176,203.176
2026-02-19,Curitiba,196.515,196.515
2026-02-20,Curitiba,202.584,202.584
2026-02-21,Curitiba,178.301,178.301
2026-02-22,Curitiba,155.362,155.362
2026-02-23,Curitiba,223.082,223.082
2026-02-24,Curitiba,209.717,209.717
2026-02-25,Curitiba,205.612,205.612
2026-02-26,Curitiba,202.522,202.522
2026-02-27,Curitiba,195.394,195.394
2026-02-28,Curitiba,170.829,170.829
2026-03-01,Curitiba,160.842,160.842
2026-03-02,Curitiba,231.678,231.678
2026-03-03,Curitiba,219.525,219.525
2026-03-04,Curitiba,208.889,208.889
2026-03-05,Curitiba,225.018,225.018
2026-03-06,Curitiba,206.704,206.704
2026-03-07,Curitiba,171.044,171.044
2026-03-08,Curitiba,154.216,154.216
2026-03-09,Curitiba,227.025,227.025
2026-03-10,Curitiba,219.454,219.454
2026-03-11,Curitiba,213.849,213.849
2026-03-12,Curitiba,209.248,209.248
2026-03-13,Curitiba,199.5,199.5
2026-03-14,Curitiba,178.369,178.369
2026-03-15,Curitiba,164.368,164.368
2026-03-16,Curitiba,231.36,231.36
2026-03-17,Curitiba,214.821,214.821
2026-03-18,Curitiba,207.591,207.591
2026-03-19,Curitiba,200.403,200.403
2026-03-20,Curitiba,205.826,205.826
2026-03-21,Curitiba,180.355,180.355
2026-03-22,Curitiba,157.982,157.982
2026-03-23,Curitiba,230.221,230.221
2026-03-24,Curitiba,219.673,219.673
2026-03-25,Curitiba,215.585,215.585
2026-03-26,Curitiba,209.717,209.717
2026-03-27,Curitiba,200.803,200.803
2026-03-28,Curitiba,177.982,177.982
2026-03-29,Curitiba,163.56,163.56
2026-03-30,Curitiba,231.779,231.779
2026-03-31,Curitiba,229.689,229.689
2026-04-01,Curitiba,216.8,216.8
2026-04-02,Curitiba,207.819,207.819
2026-04-03,Curitiba,201.875,201.875
2026-04-04,Curitiba,177.508,177.508
2026-04-05,Curitiba,171.675,171.675
2026-04-06,Curitiba,257.539,257.539
2026-04-07,Curitiba,224.317,224.317
2026-04-08,Curitiba,207.937,207.937
2026-04-09,Curitiba,202.113,202.113
2026-04-10,Curitiba,194.987,194.987
2026-04-11,Curitiba,167.054,167.054
2026-04-12,Curitiba,159.643,159.643
2026-04-13,Curitiba,236.805,236.805
2026-04-14,Curitiba,217.308,217.308
2026-04-15,Curitiba,215.244,215.244
2026-04-16,Curitiba,212.813,212.813
2026-04-17,Curitiba,200.703,200.703
2026-04-18,Curitiba,174.643,174.643
2026-04-19,Curitiba,161.746,161.746
2026-04-20,Curitiba,250.521,250.521
2026-04-21,Curitiba,234.669,234.669
2026-04-22,Curitiba,209.79,209.79
2026-04-23,Curitiba,208.265,208.265
2026-04-24,Curitiba,196.712,196.712
2026-04-25,Curitiba,172.422,172.422
2026-04-26,Curitiba,156.333,156.333
2026-04-27,Curitiba,232.54,232.54
2026-04-28,Curitiba,208.24,208.24
2026-04-29,Curitiba,203.084,203.084
2026-04-30,Curitiba,196.645,196.645
2026-05-01,Curitiba,199.689,199.689
2026-05-02,Curitiba,175.762,175.762
2026-05-03,Curitiba,165.683,165.683
2026-05-04,Curitiba,239.585,244.885
2026-05-05,Curitiba,240.521,249.984
2026-05-06,Curitiba,233.579,245.904
2026-05-07,Curitiba,211.395,224.758
2026-05-08,Curitiba,207.861,222.692
2026-05-09,Curitiba,180.708,194.747
2026-05-10,Curitiba,168.74,182.681
2026-05-11,Curitiba,251.031,272.737
2026-05-12,Curitiba,238.294,259.612
2026-05-13,Curitiba,231.368,252.606
2026-05-14,Curitiba,219.521,240.07
2026-05-15,Curitiba,202.16,221.369
2026-05-16,Curitiba,171.708,188.213
2026-05-17,Curitiba,162.334,178.077
2026-05-18,Curitiba,237.543,260.739
2026-05-19,Curitiba,221.823,243.599
2026-05-20,Curitiba,223.95,246.025
2026-05-21,Curitiba,219.033,240.693
2026-05-22,Curitiba,192.711,211.815
2026-05-23,Curitiba,175.777,193.236
2026-05-24,Curitiba,174.968,192.373
2026-05-25,Curitiba,254.908,280.294
2026-05-26,Curitiba,238.748,262.547
2026-05-27,Curitiba,224.736,247.154
2026-05-28,Curitiba,210.715,231.745
2026-05-29,Curitiba,196.297,215.898
2026-05-30,Curitiba,167.542,184.277
2026-05-31,Curitiba,152.188,167.393
2026-01-05,Recife,150.534,150.534
2026-01-06,Recife,144.41,144.41
2026-01-07,Recife,130.273,130.273
2026-01-08,Recife,127.804,127.804
2026-01-09,Recife,124.629,124.629
2026-01-10,Recife,112.361,112.361
2026-01-11,Recife,106.112,106.112
2026-01-12,Recife,141.276,141.276
2026-01-13,Recife,135.036,135.036
2026-01-14,Recife,126.403,126.403
2026-01-15,Recife,121.108,121.108
2026-01-16,Recife,118.239,118.239
2026-01-17,Recife,107.364,107.364
2026-01-18,Recife,100.115,100.115
2026-01-19,Recife,139.652,139.652
2026-01-20,Recife,145.25,145.25
2026-01-21,Recife,136.059,136.059
2026-01-22,Recife,122.454,122.454
2026-01-23,Recife,121.949,121.949
2026-01-24,Recife,110.564,110.564
2026-01-25,Recife,102.383,102.383
2026-01-26,Recife,139.873,139.873
2026-01-27,Recife,138.079,138.079
2026-01-28,Recife,134.746,134.746
2026-01-29,Recife,129.183,129.183
2026-01-30,Recife,121.622,121.622
2026-01-31,Recife,108.236,108.236
2026-02-01,Recife,103.074,103.074
2026-02-02,Recife,141.265,141.265
2026-02-03,Recife,139.442,139.442
2026-02-04,Recife,138.357,138.357
2026-02-05,Recife,144.952,144.952
2026-02-06,Recife,139.947,139.947
2026-02-07,Recife,118.365,118.365
2026-02-08,Recife,112.76,112.76
2026-02-09,Recife,151.555,151.555
2026-02-10,Recife,140.374,140.374
2026-02-11,Recife,139.063,139.063
2026-02-12,Recife,136.568,136.568
2026-02-13,Recife,126.925,126.925
2026-02-14,Recife,79.702,79.702
2026-02-15,Recife,78.182,78.182
2026-02-16,Recife,105.512,105.512
2026-02-17,Recife,101.177,101.177
2026-02-18,Recife,143.866,143.866
2026-02-19,Recife,138.101,138.101
2026-02-20,Recife,141.349,141.349
2026-02-21,Recife,128.156,128.156
2026-02-22,Recife,113.241,113.241
2026-02-23,Recife,155.983,155.983
2026-02-24,Recife,150.447,150.447
2026-02-25,Recife,147.141,147.141
2026-02-26,Recife,144.313,144.313
2026-02-27,Recife,138.228,138.228
2026-02-28,Recife,123.654,123.654
2026-03-01,Recife,116.047,116.047
2026-03-02,Recife,157.172,157.172
2026-03-03,Recife,154.208,154.208
2026-03-04,Recife,147.061,147.061
2026-03-05,Recife,153.384,153.384
2026-03-06,Recife,141.766,141.766
2026-03-07,Recife,118.022,118.022
2026-03-08,Recife,112.393,112.393
2026-03-09,Recife,155.065,155.065
2026-03-10,Recife,153.759,153.759
2026-03-11,Recife,145.612,145.612
2026-03-12,Recife,139.203,139.203
2026-03-13,Recife,136.093,136.093
2026-03-14,Recife,125.668,125.668
2026-03-15,Recife,122.992,122.992
2026-03-16,Recife,162.447,162.447
2026-03-17,Recife,154.5,154.5
2026-03-18,Recife,143.878,143.878
2026-03-19,Recife,139.253,139.253
2026-03-20,Recife,144.782,144.782
2026-03-21,Recife,132.876,132.876
2026-03-22,Recife,117.502,117.502
2026-03-23,Recife,163.385,163.385
2026-03-24,Recife,156.12,156.12
2026-03-25,Recife,148.322,148.322
2026-03-26,Recife,152.908,152.908
2026-03-27,Recife,148.535,148.535
2026-03-28,Recife,129.403,129.403
2026-03-29,Recife,118.163,118.163
2026-03-30,Recife,157.955,157.955
2026-03-31,Recife,153.416,153.416
2026-04-01,Recife,148.351,148.351
2026-04-02,Recife,144.134,144.134
2026-04-03,Recife,140.792,140.792
2026-04-04,Recife,128.713,128.713
2026-04-05,Recife,127.662,127.662
2026-04-06,Recife,171.92,171.92
2026-04-07,Recife,153.209,153.209
2026-04-08,Recife,148.737,148.737
2026-04-09,Recife,143.812,143.812
2026-04-10,Recife,136.04,136.04
2026-04-11,Recife,121.715,121.715
2026-04-12,Recife,112.77,112.77
2026-04-13,Recife,151.803,151.803
2026-04-14,Recife,143.505,143.505
2026-04-15,Recife,139.878,139.878
2026-04-16,Recife,138.544,138.544
2026-04-17,Recife,133.361,133.361
2026-04-18,Recife,122.794,122.794
2026-04-19,Recife,120.746,120.746
2026-04-20,Recife,168.309,168.309
2026-04-21,Recife,156.936,156.936
2026-04-22,Recife,140.022,140.022
2026-04-23,Recife,135.707,135.707
2026-04-24,Recife,126.775,126.775
2026-04-25,Recife,115.486,115.486
2026-04-26,Recife,107.637,107.637
2026-04-27,Recife,148.413,148.413
2026-04-28,Recife,142.144,142.144
2026-04-29,Recife,139.932,139.932
2026-04-30,Recife,139.968,139.968
2026-05-01,Recife,136.732,136.732
2026-05-02,Recife,121.923,121.923
2026-05-03,Recife,119.429,119.429
2026-05-04,Recife,160.576,164.128
2026-05-05,Recife,155.436,161.552
2026-05-06,Recife,147.307,155.079
2026-05-07,Recife,130.999,139.28
2026-05-08,Recife,129.244,138.466
2026-05-09,Recife,117.866,127.022
2026-05-10,Recife,110.227,119.334
2026-05-11,Recife,159.179,172.943
2026-05-12,Recife,153.485,167.216
2026-05-13,Recife,149.679,163.418
2026-05-14,Recife,141.688,154.951
2026-05-15,Recife,134.865,147.68
2026-05-16,Recife,121.247,132.902
2026-05-17,Recife,113.723,124.752
2026-05-18,Recife,149.673,164.289
2026-05-19,Recife,142.601,156.6
2026-05-20,Recife,146.882,161.361
2026-05-21,Recife,144.201,158.461
2026-05-22,Recife,128.291,141.009
2026-05-23,Recife,118.231,129.974
2026-05-24,Recife,114.792,126.211
2026-05-25,Recife,157.401,173.077
2026-05-26,Recife,152.337,167.523
2026-05-27,Recife,146.113,160.688
2026-05-28,Recife,140.937,155.003
2026-05-29,Recife,134.528,147.96
2026-05-30,Recife,121.45,133.581
2026-05-31,Recife,116.076,127.673
2026-01-05,Goiânia,155.852,155.852
2026-01-06,Goiânia,145.858,145.858
2026-01-07,Goiânia,134.388,134.388
2026-01-08,Goiânia,135.062,135.062
2026-01-09,Goiânia,125.264,125.264
2026-01-10,Goiânia,108.484,108.484
2026-01-11,Goiânia,98.8,98.8
2026-01-12,Goiânia,144.597,144.597
2026-01-13,Goiânia,136.678,136.678
2026-01-14,Goiânia,125.641,125.641
2026-01-15,Goiânia,124.177,124.177
2026-01-16,Goiânia,118.008,118.008
2026-01-17,Goiânia,104.442,104.442
2026-01-18,Goiânia,95.59,95.59
2026-01-19,Goiânia,138.452,138.452
2026-01-20,Goiânia,142.517,142.517
2026-01-21,Goiânia,139.153,139.153
2026-01-22,Goiânia,129.071,129.071
2026-01-23,Goiânia,130.674,130.674
2026-01-24,Goiânia,115.111,115.111
2026-01-25,Goiânia,108.209,108.209
2026-01-26,Goiânia,154.343,154.343
2026-01-27,Goiânia,143.751,143.751
2026-01-28,Goiânia,141.508,141.508
2026-01-29,Goiânia,134.009,134.009
2026-01-30,Goiânia,124.8,124.8
2026-01-31,Goiânia,111.018,111.018
2026-02-01,Goiânia,101.93,101.93
2026-02-02,Goiânia,148.645,148.645
2026-02-03,Goiânia,140.167,140.167
2026-02-04,Goiânia,141.312,141.312
2026-02-05,Goiânia,144.863,144.863
2026-02-06,Goiânia,136.997,136.997
2026-02-07,Goiânia,114.875,114.875
2026-02-08,Goiânia,106.232,106.232
2026-02-09,Goiânia,154.895,154.895
2026-02-10,Goiânia,140.817,140.817
2026-02-11,Goiânia,133.059,133.059
2026-02-12,Goiânia,130.788,130.788
2026-02-13,Goiânia,129.805,129.805
2026-02-14,Goiânia,78.357,78.357
2026-02-15,Goiânia,72.36,72.36
2026-02-16,Goiânia,107.512,107.512
2026-02-17,Goiânia,96.624,96.624
2026-02-18,Goiânia,135.728,135.728
2026-02-19,Goiânia,130.061,130.061
2026-02-20,Goiânia,137.158,137.158
2026-02-21,Goiânia,122.44,122.44
2026-02-22,Goiânia,106.812,106.812
2026-02-23,Goiânia,158.932,158.932
2026-02-24,Goiânia,144.052,144.052
2026-02-25,Goiânia,138.304,138.304
2026-02-26,Goiânia,135.983,135.983
2026-02-27,Goiânia,128.036,128.036
2026-02-28,Goiânia,113.328,113.328
2026-03-01,Goiânia,106.97,106.97
2026-03-02,Goiânia,156.575,156.575
2026-03-03,Goiânia,150.46,150.46
2026-03-04,Goiânia,139.562,139.562
2026-03-05,Goiânia,146.163,146.163
2026-03-06,Goiânia,139.712,139.712
2026-03-07,Goiânia,113.428,113.428
2026-03-08,Goiânia,107.781,107.781
2026-03-09,Goiânia,161.885,161.885
2026-03-10,Goiânia,153.975,153.975
2026-03-11,Goiânia,140.79,140.79
2026-03-12,Goiânia,133.133,133.133
2026-03-13,Goiânia,132.755,132.755
2026-03-14,Goiânia,116.397,116.397
2026-03-15,Goiânia,104.646,104.646
2026-03-16,Goiânia,158.421,158.421
2026-03-17,Goiânia,147.857,147.857
2026-03-18,Goiânia,144.535,144.535
2026-03-19,Goiânia,143.018,143.018
2026-03-20,Goiânia,146.855,146.855
2026-03-21,Goiânia,129.345,129.345
2026-03-22,Goiânia,112.982,112.982
2026-03-23,Goiânia,173.359,173.359
2026-03-24,Goiânia,165.549,165.549
2026-03-25,Goiânia,154.266,154.266
2026-03-26,Goiânia,151.323,151.323
2026-03-27,Goiânia,147.349,147.349
2026-03-28,Goiânia,131.335,131.335
2026-03-29,Goiânia,121.149,121.149
2026-03-30,Goiânia,177.886,177.886
2026-03-31,Goiânia,166.435,166.435
2026-04-01,Goiânia,167.215,167.215
2026-04-02,Goiânia,156.52,156.52
2026-04-03,Goiânia,147.202,147.202
2026-04-04,Goiânia,129.073,129.073
2026-04-05,Goiânia,124.511,124.511
2026-04-06,Goiânia,176.961,176.961
2026-04-07,Goiânia,146.184,146.184
2026-04-08,Goiânia,139.549,139.549
2026-04-09,Goiânia,136.525,136.525
2026-04-10,Goiânia,129.883,129.883
2026-04-11,Goiânia,118.276,118.276
2026-04-12,Goiânia,107.641,107.641
2026-04-13,Goiânia,159.216,159.216
2026-04-14,Goiânia,150.198,150.198
2026-04-15,Goiânia,145.466,145.466
2026-04-16,Goiânia,143.052,143.052
2026-04-17,Goiânia,140.545,140.545
2026-04-18,Goiânia,123.511,123.511
2026-04-19,Goiânia,114.747,114.747
2026-04-20,Goiânia,180.176,180.176
2026-04-21,Goiânia,167.827,167.827
2026-04-22,Goiânia,149.846,149.846
2026-04-23,Goiânia,151.05,151.05
2026-04-24,Goiânia,141.325,141.325
2026-04-25,Goiânia,125.306,125.306
2026-04-26,Goiânia,117.447,117.447
2026-04-27,Goiânia,174.16,174.16
2026-04-28,Goiânia,160.728,160.728
2026-04-29,Goiânia,146.393,146.393
2026-04-30,Goiânia,143.492,143.492
2026-05-01,Goiânia,129.708,129.708
2026-05-02,Goiânia,116.381,116.381
2026-05-03,Goiânia,107.921,107.921
2026-05-04,Goiânia,158.235,158.235
2026-05-05,Goiânia,155.589,155.589
2026-05-06,Goiânia,146.993,146.993
2026-05-07,Goiânia,134.684,134.684
2026-05-08,Goiânia,130.999,130.999
2026-05-09,Goiânia,116.299,116.299
2026-05-10,Goiânia,109.759,109.759
2026-05-11,Goiânia,171.156,171.156
2026-05-12,Goiânia,163.877,163.877
2026-05-13,Goiânia,158.824,158.824
2026-05-14,Goiânia,153.08,153.08
2026-05-15,Goiânia,148.187,148.187
2026-05-16,Goiânia,125.783,125.783
2026-05-17,Goiânia,110.966,110.966
2026-05-18,Goiânia,161.496,161.496
2026-05-19,Goiânia,154.458,154.458
2026-05-20,Goiânia,156.941,156.941
2026-05-21,Goiânia,150.266,150.266
2026-05-22,Goiânia,134.159,134.159
2026-05-23,Goiânia,121.929,121.929
2026-05-24,Goiânia,116.773,116.773
2026-05-25,Goiânia,173.05,173.05
2026-05-26,Goiânia,161.197,161.197
2026-05-27,Goiânia,153.416,153.416
2026-05-28,Goiânia,148.3,148.3
2026-05-29,Goiânia,137.426,137.426
2026-05-30,Goiânia,114.998,114.998
2026-05-31,Goiânia,106.647,106.647
2026-01-05,Porto Alegre,133.549,133.549
2026-01-06,Porto Alegre,130.037,130.037
2026-01-07,Porto Alegre,121.398,121.398
2026-01-08,Porto Alegre,115.685,115.685
2026-01-09,Porto Alegre,109.329,109.329
2026-01-10,Porto Alegre,97.769,97.769
2026-01-11,Porto Alegre,96.071,96.071
2026-01-12,Porto Alegre,136.559,136.559
2026-01-13,Porto Alegre,129.127,129.127
2026-01-14,Porto Alegre,119.481,119.481
2026-01-15,Porto Alegre,115.095,115.095
2026-01-16,Porto Alegre,113.514,113.514
2026-01-17,Porto Alegre,98.048,98.048
2026-01-18,Porto Alegre,90.368,90.368
2026-01-19,Porto Alegre,126.006,126.006
2026-01-20,Porto Alegre,132.396,132.396
2026-01-21,Porto Alegre,128.65,128.65
2026-01-22,Porto Alegre,111.408,111.408
2026-01-23,Porto Alegre,108.888,108.888
2026-01-24,Porto Alegre,95.591,95.591
2026-01-25,Porto Alegre,89.733,89.733
2026-01-26,Porto Alegre,124.297,124.297
2026-01-27,Porto Alegre,117.976,117.976
2026-01-28,Porto Alegre,117.927,117.927
2026-01-29,Porto Alegre,113.033,113.033
2026-01-30,Porto Alegre,108.985,108.985
2026-01-31,Porto Alegre,98.567,98.567
2026-02-01,Porto Alegre,92.138,92.138
2026-02-02,Porto Alegre,125.803,125.803
2026-02-03,Porto Alegre,122.575,122.575
2026-02-04,Porto Alegre,123.942,123.942
2026-02-05,Porto Alegre,129.123,129.123
2026-02-06,Porto Alegre,120.207,120.207
2026-02-07,Porto Alegre,102.083,102.083
2026-02-08,Porto Alegre,93.268,93.268
2026-02-09,Porto Alegre,130.094,130.094
2026-02-10,Porto Alegre,122.294,122.294
2026-02-11,Porto Alegre,115.257,115.257
2026-02-12,Porto Alegre,110.581,110.581
2026-02-13,Porto Alegre,109.087,109.087
2026-02-14,Porto Alegre,69.256,69.256
2026-02-15,Porto Alegre,66.838,66.838
2026-02-16,Porto Alegre,92.367,92.367
2026-02-17,Porto Alegre,90.844,90.844
2026-02-18,Porto Alegre,125.981,125.981
2026-02-19,Porto Alegre,121.283,121.283
2026-02-20,Porto Alegre,122.707,122.707
2026-02-21,Porto Alegre,107.38,107.38
2026-02-22,Porto Alegre,95.451,95.451
2026-02-23,Porto Alegre,131.352,131.352
2026-02-24,Porto Alegre,120.659,120.659
2026-02-25,Porto Alegre,117.179,117.179
2026-02-26,Porto Alegre,114.21,114.21
2026-02-27,Porto Alegre,115.065,115.065
2026-02-28,Porto Alegre,99.968,99.968
2026-03-01,Porto Alegre,91.696,91.696
2026-03-02,Porto Alegre,131.429,131.429
2026-03-03,Porto Alegre,129.86,129.86
2026-03-04,Porto Alegre,122.268,122.268
2026-03-05,Porto Alegre,127.06,127.06
2026-03-06,Porto Alegre,122.501,122.501
2026-03-07,Porto Alegre,97.384,97.384
2026-03-08,Porto Alegre,89.473,89.473
2026-03-09,Porto Alegre,126.456,126.456
2026-03-10,Porto Alegre,123.989,123.989
2026-03-11,Porto Alegre,120.216,120.216
2026-03-12,Porto Alegre,118.905,118.905
2026-03-13,Porto Alegre,118.309,118.309
2026-03-14,Porto Alegre,111.527,111.527
2026-03-15,Porto Alegre,102.605,102.605
2026-03-16,Porto Alegre,140.307,140.307
2026-03-17,Porto Alegre,135.585,135.585
2026-03-18,Porto Alegre,126.392,126.392
2026-03-19,Porto Alegre,126.03,126.03
2026-03-20,Porto Alegre,128.559,128.559
2026-03-21,Porto Alegre,116.558,116.558
2026-03-22,Porto Alegre,100.867,100.867
2026-03-23,Porto Alegre,136.613,136.613
2026-03-24,Porto Alegre,128.197,128.197
2026-03-25,Porto Alegre,125.102,125.102
2026-03-26,Porto Alegre,124.606,124.606
2026-03-27,Porto Alegre,118.846,118.846
2026-03-28,Porto Alegre,106.573,106.573
2026-03-29,Porto Alegre,100.179,100.179
2026-03-30,Porto Alegre,135.33,135.33
2026-03-31,Porto Alegre,131.594,131.594
2026-04-01,Porto Alegre,128.3,128.3
2026-04-02,Porto Alegre,131.007,131.007
2026-04-03,Porto Alegre,124.994,124.994
2026-04-04,Porto Alegre,109.503,109.503
2026-04-05,Porto Alegre,110.819,110.819
2026-04-06,Porto Alegre,157.623,157.623
2026-04-07,Porto Alegre,136.279,136.279
2026-04-08,Porto Alegre,128.039,128.039
2026-04-09,Porto Alegre,122.811,122.811
2026-04-10,Porto Alegre,115.669,115.669
2026-04-11,Porto Alegre,102.207,102.207
2026-04-12,Porto Alegre,95.461,95.461
2026-04-13,Porto Alegre,137.382,137.382
2026-04-14,Porto Alegre,125.803,125.803
2026-04-15,Porto Alegre,118.077,118.077
2026-04-16,Porto Alegre,114.243,114.243
2026-04-17,Porto Alegre,107.587,107.587
2026-04-18,Porto Alegre,95.409,95.409
2026-04-19,Porto Alegre,89.359,89.359
2026-04-20,Porto Alegre,131.073,131.073
2026-04-21,Porto Alegre,124.156,124.156
2026-04-22,Porto Alegre,113.433,113.433
2026-04-23,Porto Alegre,113.469,113.469
2026-04-24,Porto Alegre,111.947,111.947
2026-04-25,Porto Alegre,103.947,103.947
2026-04-26,Porto Alegre,97.748,97.748
2026-04-27,Porto Alegre,136.727,136.727
2026-04-28,Porto Alegre,128.151,128.151
2026-04-29,Porto Alegre,125.101,125.101
2026-04-30,Porto Alegre,123.266,123.266
2026-05-01,Porto Alegre,119.976,119.976
2026-05-02,Porto Alegre,108.072,108.072
2026-05-03,Porto Alegre,97.713,97.713
2026-05-04,Porto Alegre,138.044,138.044
2026-05-05,Porto Alegre,141.562,141.562
2026-05-06,Porto Alegre,135.724,135.724
2026-05-07,Porto Alegre,128.887,128.887
2026-05-08,Porto Alegre,122.72,122.72
2026-05-09,Porto Alegre,110.824,110.824
2026-05-10,Porto Alegre,103.605,103.605
2026-05-11,Porto Alegre,145.345,145.345
2026-05-12,Porto Alegre,137.272,137.272
2026-05-13,Porto Alegre,130.138,130.138
2026-05-14,Porto Alegre,128.637,128.637
2026-05-15,Porto Alegre,125.438,125.438
2026-05-16,Porto Alegre,109.418,109.418
2026-05-17,Porto Alegre,103.875,103.875
2026-05-18,Porto Alegre,141.997,141.997
2026-05-19,Porto Alegre,134.742,134.742
2026-05-20,Porto Alegre,137.022,137.022
2026-05-21,Porto Alegre,134.708,134.708
2026-05-22,Porto Alegre,126.121,126.121
2026-05-23,Porto Alegre,112.503,112.503
2026-05-24,Porto Alegre,102.327,102.327
2026-05-25,Porto Alegre,141.887,141.887
2026-05-26,Porto Alegre,136.455,136.455
2026-05-27,Porto Alegre,132.186,132.186
2026-05-28,Porto Alegre,129.296,129.296
2026-05-29,Porto Alegre,124.078,124.078
2026-05-30,Porto Alegre,109.606,109.606
2026-05-31,Porto Alegre,104.185,104.185
2026-01-05,Belém,158.141,158.141
2026-01-06,Belém,151.639,151.639
2026-01-07,Belém,137.335,137.335
2026-01-08,Belém,131.781,131.781
2026-01-09,Belém,123.42,123.42
2026-01-10,Belém,112.208,112.208
2026-01-11,Belém,102.625,102.625
2026-01-12,Belém,153.135,153.135
2026-01-13,Belém,145.98,145.98
2026-01-14,Belém,135.248,135.248
2026-01-15,Belém,130.07,130.07
2026-01-16,Belém,127.764,127.764
2026-01-17,Belém,112.204,112.204
2026-01-18,Belém,101.414,101.414
2026-01-19,Belém,149.893,149.893
2026-01-20,Belém,153.258,153.258
2026-01-21,Belém,147.081,147.081
2026-01-22,Belém,127.355,127.355
2026-01-23,Belém,128.573,128.573
2026-01-24,Belém,113.189,113.189
2026-01-25,Belém,103.458,103.458
2026-01-26,Belém,151.447,151.447
2026-01-27,Belém,147.408,147.408
2026-01-28,Belém,139.89,139.89
2026-01-29,Belém,135.826,135.826
2026-01-30,Belém,131.066,131.066
2026-01-31,Belém,114.249,114.249
2026-02-01,Belém,105.873,105.873
2026-02-02,Belém,153.87,153.87
2026-02-03,Belém,148.533,148.533
2026-02-04,Belém,140.685,140.685
2026-02-05,Belém,139.807,139.807
2026-02-06,Belém,136.37,136.37
2026-02-07,Belém,112.946,112.946
2026-02-08,Belém,105.197,105.197
2026-02-09,Belém,159.325,159.325
2026-02-10,Belém,148.385,148.385
2026-02-11,Belém,143.691,143.691
2026-02-12,Belém,138.367,138.367
2026-02-13,Belém,130.86,130.86
2026-02-14,Belém,80.521,80.521
2026-02-15,Belém,77.146,77.146
2026-02-16,Belém,109.134,109.134
2026-02-17,Belém,105.27,105.27
2026-02-18,Belém,138.856,138.856
2026-02-19,Belém,132.489,132.489
2026-02-20,Belém,137.951,137.951
2026-02-21,Belém,119.684,119.684
2026-02-22,Belém,105.056,105.056
2026-02-23,Belém,152.731,152.731
2026-02-24,Belém,139.686,139.686
2026-02-25,Belém,138.11,138.11
2026-02-26,Belém,137.16,137.16
2026-02-27,Belém,133.954,133.954
2026-02-28,Belém,118.473,118.473
2026-03-01,Belém,109.535,109.535
2026-03-02,Belém,163.242,163.242
2026-03-03,Belém,160.475,160.475
2026-03-04,Belém,157.799,157.799
2026-03-05,Belém,160.239,160.239
2026-03-06,Belém,150.93,150.93
2026-03-07,Belém,123.498,123.498
2026-03-08,Belém,110.447,110.447
2026-03-09,Belém,162.656,162.656
2026-03-10,Belém,160.593,160.593
2026-03-11,Belém,155.188,155.188
2026-03-12,Belém,155.314,155.314
2026-03-13,Belém,146.884,146.884
2026-03-14,Belém,129.724,129.724
2026-03-15,Belém,118.4,118.4
2026-03-16,Belém,170.384,170.384
2026-03-17,Belém,156.422,156.422
2026-03-18,Belém,151.421,151.421
2026-03-19,Belém,150.394,150.394
2026-03-20,Belém,151.769,151.769
2026-03-21,Belém,134.978,134.978
2026-03-22,Belém,113.829,113.829
2026-03-23,Belém,168.627,168.627
2026-03-24,Belém,159.142,159.142
2026-03-25,Belém,154.24,154.24
2026-03-26,Belém,149.171,149.171
2026-03-27,Belém,143.228,143.228
2026-03-28,Belém,123.599,123.599
2026-03-29,Belém,115.166,115.166
2026-03-30,Belém,164.682,164.682
2026-03-31,Belém,158.302,158.302
2026-04-01,Belém,152.986,152.986
2026-04-02,Belém,149.586,149.586
2026-04-03,Belém,137.735,137.735
2026-04-04,Belém,117.949,117.949
2026-04-05,Belém,120.891,120.891
2026-04-06,Belém,179.596,179.596
2026-04-07,Belém,155.155,155.155
2026-04-08,Belém,152.473,152.473
2026-04-09,Belém,145.062,145.062
2026-04-10,Belém,141.0,141.0
2026-04-11,Belém,122.797,122.797
2026-04-12,Belém,113.407,113.407
2026-04-13,Belém,172.509,172.509
2026-04-14,Belém,157.342,157.342
2026-04-15,Belém,146.998,146.998
2026-04-16,Belém,142.499,142.499
2026-04-17,Belém,139.159,139.159
2026-04-18,Belém,120.842,120.842
2026-04-19,Belém,107.459,107.459
2026-04-20,Belém,172.466,172.466
2026-04-21,Belém,160.801,160.801
2026-04-22,Belém,143.221,143.221
2026-04-23,Belém,136.536,136.536
2026-04-24,Belém,126.511,126.511
2026-04-25,Belém,111.622,111.622
2026-04-26,Belém,105.419,105.419
2026-04-27,Belém,151.143,151.143
2026-04-28,Belém,145.848,145.848
2026-04-29,Belém,138.003,138.003
2026-04-30,Belém,132.364,132.364
2026-05-01,Belém,132.677,132.677
2026-05-02,Belém,116.799,116.799
2026-05-03,Belém,107.205,107.205
2026-05-04,Belém,158.186,158.186
2026-05-05,Belém,164.57,164.57
2026-05-06,Belém,160.992,160.992
2026-05-07,Belém,142.282,142.282
2026-05-08,Belém,137.814,137.814
2026-05-09,Belém,121.395,121.395
2026-05-10,Belém,111.033,111.033
2026-05-11,Belém,165.608,165.608
2026-05-12,Belém,156.297,156.297
2026-05-13,Belém,151.544,151.544
2026-05-14,Belém,149.099,149.099
2026-05-15,Belém,140.766,140.766
2026-05-16,Belém,120.498,120.498
2026-05-17,Belém,111.726,111.726
2026-05-18,Belém,163.868,163.868
2026-05-19,Belém,154.504,154.504
2026-05-20,Belém,156.163,156.163
2026-05-21,Belém,149.016,149.016
2026-05-22,Belém,133.387,133.387
2026-05-23,Belém,119.887,119.887
2026-05-24,Belém,111.37,111.37
2026-05-25,Belém,169.218,169.218
2026-05-26,Belém,158.995,158.995
2026-05-27,Belém,151.902,151.902
2026-05-28,Belém,154.803,154.803
2026-05-29,Belém,142.333,142.333
2026-05-30,Belém,118.958,118.958
2026-05-31,Belém,112.999,112.999
2026-01-05,Guarulhos,126.268,126.268
2026-01-06,Guarulhos,117.635,117.635
2026-01-07,Guarulhos,108.085,108.085
2026-01-08,Guarulhos,104.01,104.01
2026-01-09,Guarulhos,98.626,98.626
2026-01-10,Guarulhos,87.057,87.057
2026-01-11,Guarulhos,78.753,78.753
2026-01-12,Guarulhos,110.977,110.977
2026-01-13,Guarulhos,105.288,105.288
2026-01-14,Guarulhos,100.537,100.537
2026-01-15,Guarulhos,98.465,98.465
2026-01-16,Guarulhos,96.877,96.877
2026-01-17,Guarulhos,85.568,85.568
2026-01-18,Guarulhos,79.601,79.601
2026-01-19,Guarulhos,113.84,113.84
2026-01-20,Guarulhos,113.721,113.721
2026-01-21,Guarulhos,114.115,114.115
2026-01-22,Guarulhos,105.489,105.489
2026-01-23,Guarulhos,101.783,101.783
2026-01-24,Guarulhos,90.49,90.49
2026-01-25,Guarulhos,84.428,84.428
2026-01-26,Guarulhos,121.158,121.158
2026-01-27,Guarulhos,118.743,118.743
2026-01-28,Guarulhos,114.766,114.766
2026-01-29,Guarulhos,106.606,106.606
2026-01-30,Guarulhos,103.522,103.522
2026-01-31,Guarulhos,93.773,93.773
2026-02-01,Guarulhos,85.967,85.967
2026-02-02,Guarulhos,123.726,123.726
2026-02-03,Guarulhos,115.986,115.986
2026-02-04,Guarulhos,111.58,111.58
2026-02-05,Guarulhos,116.484,116.484
2026-02-06,Guarulhos,108.217,108.217
2026-02-07,Guarulhos,89.675,89.675
2026-02-08,Guarulhos,87.162,87.162
2026-02-09,Guarulhos,121.255,121.255
2026-02-10,Guarulhos,112.507,112.507
2026-02-11,Guarulhos,107.737,107.737
2026-02-12,Guarulhos,105.385,105.385
2026-02-13,Guarulhos,103.04,103.04
2026-02-14,Guarulhos,66.419,66.419
2026-02-15,Guarulhos,62.568,62.568
2026-02-16,Guarulhos,88.68,88.68
2026-02-17,Guarulhos,85.469,85.469
2026-02-18,Guarulhos,119.952,119.952
2026-02-19,Guarulhos,114.266,114.266
2026-02-20,Guarulhos,119.434,119.434
2026-02-21,Guarulhos,104.884,104.884
2026-02-22,Guarulhos,92.105,92.105
2026-02-23,Guarulhos,133.05,133.05
2026-02-24,Guarulhos,126.935,126.935
2026-02-25,Guarulhos,121.432,121.432
2026-02-26,Guarulhos,117.449,117.449
2026-02-27,Guarulhos,106.461,106.461
2026-02-28,Guarulhos,95.394,95.394
2026-03-01,Guarulhos,89.54,89.54
2026-03-02,Guarulhos,127.732,127.732
2026-03-03,Guarulhos,124.574,124.574
2026-03-04,Guarulhos,117.187,117.187
2026-03-05,Guarulhos,120.133,120.133
2026-03-06,Guarulhos,113.681,113.681
2026-03-07,Guarulhos,93.678,93.678
2026-03-08,Guarulhos,87.259,87.259
2026-03-09,Guarulhos,125.526,125.526
2026-03-10,Guarulhos,123.132,123.132
2026-03-11,Guarulhos,115.667,115.667
2026-03-12,Guarulhos,113.013,113.013
2026-03-13,Guarulhos,110.772,110.772
2026-03-14,Guarulhos,95.461,95.461
2026-03-15,Guarulhos,90.201,90.201
2026-03-16,Guarulhos,127.302,127.302
2026-03-17,Guarulhos,120.815,120.815
2026-03-18,Guarulhos,114.147,114.147
2026-03-19,Guarulhos,110.91,110.91
2026-03-20,Guarulhos,118.457,118.457
2026-03-21,Guarulhos,103.36,103.36
2026-03-22,Guarulhos,88.244,88.244
2026-03-23,Guarulhos,122.769,122.769
2026-03-24,Guarulhos,121.758,121.758
2026-03-25,Guarulhos,116.762,116.762
2026-03-26,Guarulhos,116.529,116.529
2026-03-27,Guarulhos,112.606,112.606
2026-03-28,Guarulhos,97.428,97.428
2026-03-29,Guarulhos,90.255,90.255
2026-03-30,Guarulhos,132.636,132.636
2026-03-31,Guarulhos,128.459,128.459
2026-04-01,Guarulhos,121.281,121.281
2026-04-02,Guarulhos,120.178,120.178
2026-04-03,Guarulhos,112.961,112.961
2026-04-04,Guarulhos,96.731,96.731
2026-04-05,Guarulhos,97.299,97.299
2026-04-06,Guarulhos,141.909,141.909
2026-04-07,Guarulhos,126.681,126.681
2026-04-08,Guarulhos,120.234,120.234
2026-04-09,Guarulhos,114.539,114.539
2026-04-10,Guarulhos,110.693,110.693
2026-04-11,Guarulhos,96.699,96.699
2026-04-12,Guarulhos,87.823,87.823
2026-04-13,Guarulhos,124.419,124.419
2026-04-14,Guarulhos,116.961,116.961
2026-04-15,Guarulhos,114.27,114.27
2026-04-16,Guarulhos,111.466,111.466
2026-04-17,Guarulhos,111.164,111.164
2026-04-18,Guarulhos,98.704,98.704
2026-04-19,Guarulhos,92.332,92.332
2026-04-20,Guarulhos,143.159,143.159
2026-04-21,Guarulhos,134.595,134.595
2026-04-22,Guarulhos,116.255,116.255
2026-04-23,Guarulhos,112.566,112.566
2026-04-24,Guarulhos,109.925,109.925
2026-04-25,Guarulhos,97.213,97.213
2026-04-26,Guarulhos,89.371,89.371
2026-04-27,Guarulhos,123.264,123.264
2026-04-28,Guarulhos,119.216,119.216
2026-04-29,Guarulhos,116.818,116.818
2026-04-30,Guarulhos,114.607,114.607
2026-05-01,Guarulhos,112.335,112.335
2026-05-02,Guarulhos,99.911,99.911
2026-05-03,Guarulhos,93.468,93.468
2026-05-04,Guarulhos,133.45,133.45
2026-05-05,Guarulhos,133.301,133.301
2026-05-06,Guarulhos,135.044,135.044
2026-05-07,Guarulhos,123.064,123.064
2026-05-08,Guarulhos,117.229,117.229
2026-05-09,Guarulhos,104.157,104.157
2026-05-10,Guarulhos,95.099,95.099
2026-05-11,Guarulhos,140.19,140.19
2026-05-12,Guarulhos,131.813,131.813
2026-05-13,Guarulhos,128.669,128.669
2026-05-14,Guarulhos,126.297,126.297
2026-05-15,Guarulhos,120.109,120.109
2026-05-16,Guarulhos,104.066,104.066
2026-05-17,Guarulhos,97.57,97.57
2026-05-18,Guarulhos,138.292,138.292
2026-05-19,Guarulhos,128.402,128.402
2026-05-20,Guarulhos,128.274,128.274
2026-05-21,Guarulhos,129.175,129.175
2026-05-22,Guarulhos,116.222,116.222
2026-05-23,Guarulhos,101.533,101.533
2026-05-24,Guarulhos,94.869,94.869
2026-05-25,Guarulhos,138.871,138.871
2026-05-26,Guarulhos,132.262,132.262
2026-05-27,Guarulhos,126.366,126.366
2026-05-28,Guarulhos,121.822,121.822
2026-05-29,Guarulhos,117.162,117.162
2026-05-30,Guarulhos,102.243,102.243
2026-05-31,Guarulhos,95.371,95.371
2026-01-05,Campinas,105.586,105.586
2026-01-06,Campinas,97.864,97.864
2026-01-07,Campinas,88.336,88.336
2026-01-08,Campinas,87.079,87.079
2026-01-09,Campinas,85.623,85.623
2026-01-10,Campinas,72.41,72.41
2026-01-11,Campinas,67.378,67.378
2026-01-12,Campinas,92.439,92.439
2026-01-13,Campinas,87.475,87.475
2026-01-14,Campinas,85.371,85.371
2026-01-15,Campinas,83.556,83.556
2026-01-16,Campinas,81.245,81.245
2026-01-17,Campinas,72.646,72.646
2026-01-18,Campinas,67.392,67.392
2026-01-19,Campinas,92.694,92.694
2026-01-20,Campinas,95.593,95.593
2026-01-21,Campinas,96.119,96.119
2026-01-22,Campinas,87.955,87.955
2026-01-23,Campinas,83.453,83.453
2026-01-24,Campinas,74.563,74.563
2026-01-25,Campinas,71.182,71.182
2026-01-26,Campinas,98.386,98.386
2026-01-27,Campinas,94.362,94.362
2026-01-28,Campinas,91.029,91.029
2026-01-29,Campinas,91.106,91.106
2026-01-30,Campinas,90.743,90.743
2026-01-31,Campinas,77.888,77.888
2026-02-01,Campinas,75.377,75.377
2026-02-02,Campinas,102.918,102.918
2026-02-03,Campinas,99.703,99.703
2026-02-04,Campinas,100.006,100.006
2026-02-05,Campinas,101.39,101.39
2026-02-06,Campinas,97.711,97.711
2026-02-07,Campinas,80.664,80.664
2026-02-08,Campinas,76.861,76.861
2026-02-09,Campinas,109.018,109.018
2026-02-10,Campinas,104.828,104.828
2026-02-11,Campinas,100.928,100.928
2026-02-12,Campinas,97.029,97.029
2026-02-13,Campinas,96.211,96.211
2026-02-14,Campinas,60.431,60.431
2026-02-15,Campinas,56.224,56.224
2026-02-16,Campinas,76.347,76.347
2026-02-17,Campinas,71.852,71.852
2026-02-18,Campinas,99.201,99.201
2026-02-19,Campinas,95.219,95.219
2026-02-20,Campinas,99.667,99.667
2026-02-21,Campinas,91.394,91.394
2026-02-22,Campinas,78.688,78.688
2026-02-23,Campinas,112.54,112.54
2026-02-24,Campinas,109.659,109.659
2026-02-25,Campinas,105.365,105.365
2026-02-26,Campinas,99.298,99.298
2026-02-27,Campinas,97.542,97.542
2026-02-28,Campinas,86.111,86.111
2026-03-01,Campinas,80.591,80.591
2026-03-02,Campinas,111.859,111.859
2026-03-03,Campinas,105.482,105.482
2026-03-04,Campinas,96.751,96.751
2026-03-05,Campinas,102.761,102.761
2026-03-06,Campinas,96.006,96.006
2026-03-07,Campinas,83.815,83.815
2026-03-08,Campinas,75.953,75.953
2026-03-09,Campinas,104.691,104.691
2026-03-10,Campinas,101.965,101.965
2026-03-11,Campinas,100.718,100.718
2026-03-12,Campinas,97.772,97.772
2026-03-13,Campinas,94.326,94.326
2026-03-14,Campinas,81.343,81.343
2026-03-15,Campinas,75.792,75.792
2026-03-16,Campinas,104.777,104.777
2026-03-17,Campinas,97.171,97.171
2026-03-18,Campinas,94.22,94.22
2026-03-19,Campinas,88.507,88.507
2026-03-20,Campinas,90.121,90.121
2026-03-21,Campinas,81.244,81.244
2026-03-22,Campinas,70.737,70.737
2026-03-23,Campinas,100.979,100.979
2026-03-24,Campinas,98.055,98.055
2026-03-25,Campinas,97.066,97.066
2026-03-26,Campinas,98.482,98.482
2026-03-27,Campinas,97.904,97.904
2026-03-28,Campinas,86.116,86.116
2026-03-29,Campinas,80.225,80.225
2026-03-30,Campinas,111.546,111.546
2026-03-31,Campinas,105.75,105.75
2026-04-01,Campinas,101.072,101.072
2026-04-02,Campinas,98.609,98.609
2026-04-03,Campinas,93.176,93.176
2026-04-04,Campinas,83.627,83.627
2026-04-05,Campinas,82.387,82.387
2026-04-06,Campinas,114.773,114.773
2026-04-07,Campinas,100.053,100.053
2026-04-08,Campinas,94.671,94.671
2026-04-09,Campinas,93.048,93.048
2026-04-10,Campinas,89.425,89.425
2026-04-11,Campinas,77.184,77.184
2026-04-12,Campinas,72.442,72.442
2026-04-13,Campinas,103.653,103.653
2026-04-14,Campinas,95.052,95.052
2026-04-15,Campinas,93.326,93.326
2026-04-16,Campinas,92.599,92.599
2026-04-17,Campinas,90.909,90.909
2026-04-18,Campinas,81.0,81.0
2026-04-19,Campinas,76.849,76.849
2026-04-20,Campinas,116.119,116.119
2026-04-21,Campinas,108.899,108.899
2026-04-22,Campinas,98.443,98.443
2026-04-23,Campinas,95.374,95.374
2026-04-24,Campinas,94.845,94.845
2026-04-25,Campinas,84.754,84.754
2026-04-26,Campinas,75.633,75.633
2026-04-27,Campinas,107.091,107.091
2026-04-28,Campinas,103.546,103.546
2026-04-29,Campinas,102.432,102.432
2026-04-30,Campinas,101.867,101.867
2026-05-01,Campinas,95.669,95.669
2026-05-02,Campinas,85.828,85.828
2026-05-03,Campinas,79.622,79.622
2026-05-04,Campinas,112.892,112.892
2026-05-05,Campinas,111.093,111.093
2026-05-06,Campinas,106.329,106.329
2026-05-07,Campinas,95.782,95.782
2026-05-08,Campinas,94.723,94.723
2026-05-09,Campinas,85.565,85.565
2026-05-10,Campinas,80.51,80.51
2026-05-11,Campinas,111.28,111.28
2026-05-12,Campinas,106.33,106.33
2026-05-13,Campinas,102.212,102.212
2026-05-14,Campinas,100.907,100.907
2026-05-15,Campinas,98.224,98.224
2026-05-16,Campinas,87.347,87.347
2026-05-17,Campinas,81.072,81.072
2026-05-18,Campinas,108.378,108.378
2026-05-19,Campinas,99.657,99.657
2026-05-20,Campinas,104.302,104.302
2026-05-21,Campinas,102.129,102.129
2026-05-22,Campinas,91.798,91.798
2026-05-23,Campinas,84.953,84.953
2026-05-24,Campinas,82.305,82.305
2026-05-25,Campinas,116.214,116.214
2026-05-26,Campinas,108.975,108.975
2026-05-27,Campinas,103.231,103.231
2026-05-28,Campinas,100.904,100.904
2026-05-29,Campinas,99.21,99.21
2026-05-30,Campinas,88.562,88.562
2026-05-31,Campinas,84.002,84.002
2026-01-05,São Luís,135.897,135.897
2026-01-06,São Luís,131.454,131.454
2026-01-07,São Luís,118.624,118.624
2026-01-08,São Luís,111.562,111.562
2026-01-09,São Luís,103.593,103.593
2026-01-10,São Luís,93.281,93.281
2026-01-11,São Luís,89.5,89.5
2026-01-12,São Luís,120.018,120.018
2026-01-13,São Luís,117.051,117.051
2026-01-14,São Luís,117.259,117.259
2026-01-15,São Luís,113.466,113.466
2026-01-16,São Luís,110.813,110.813
2026-01-17,São Luís,100.921,100.921
2026-01-18,São Luís,94.778,94.778
2026-01-19,São Luís,130.293,130.293
2026-01-20,São Luís,131.095,131.095
2026-01-21,São Luís,131.117,131.117
2026-01-22,São Luís,117.492,117.492
2026-01-23,São Luís,119.582,119.582
2026-01-24,São Luís,106.715,106.715
2026-01-25,São Luís,102.084,102.084
2026-01-26,São Luís,135.709,135.709
2026-01-27,São Luís,130.24,130.24
2026-01-28,São Luís,123.368,123.368
2026-01-29,São Luís,118.628,118.628
2026-01-30,São Luís,113.176,113.176
2026-01-31,São Luís,100.396,100.396
2026-02-01,São Luís,94.518,94.518
2026-02-02,São Luís,126.286,126.286
2026-02-03,São Luís,128.849,128.849
2026-02-04,São Luís,127.06,127.06
2026-02-05,São Luís,134.688,134.688
2026-02-06,São Luís,129.016,129.016
2026-02-07,São Luís,108.199,108.199
2026-02-08,São Luís,99.226,99.226
2026-02-09,São Luís,133.589,133.589
2026-02-10,São Luís,128.971,128.971
2026-02-11,São Luís,127.695,127.695
2026-02-12,São Luís,125.16,125.16
2026-02-13,São Luís,122.921,122.921
2026-02-14,São Luís,78.587,78.587
2026-02-15,São Luís,77.509,77.509
2026-02-16,São Luís,102.67,102.67
2026-02-17,São Luís,102.73,102.73
2026-02-18,São Luís,138.911,138.911
2026-02-19,São Luís,132.839,132.839
2026-02-20,São Luís,133.904,133.904
2026-02-21,São Luís,125.736,125.736
2026-02-22,São Luís,110.937,110.937
2026-02-23,São Luís,147.436,147.436
2026-02-24,São Luís,142.308,142.308
2026-02-25,São Luís,139.615,139.615
2026-02-26,São Luís,139.745,139.745
2026-02-27,São Luís,129.632,129.632
2026-02-28,São Luís,115.098,115.098
2026-03-01,São Luís,106.774,106.774
2026-03-02,São Luís,137.445,137.445
2026-03-03,São Luís,136.412,136.412
2026-03-04,São Luís,128.73,128.73
2026-03-05,São Luís,136.755,136.755
2026-03-06,São Luís,134.291,134.291
2026-03-07,São Luís,110.611,110.611
2026-03-08,São Luís,104.348,104.348
2026-03-09,São Luís,141.945,141.945
2026-03-10,São Luís,137.62,137.62
2026-03-11,São Luís,130.567,130.567
2026-03-12,São Luís,122.751,122.751
2026-03-13,São Luís,120.609,120.609
2026-03-14,São Luís,112.709,112.709
2026-03-15,São Luís,102.376,102.376
2026-03-16,São Luís,133.649,133.649
2026-03-17,São Luís,131.857,131.857
2026-03-18,São Luís,126.702,126.702
2026-03-19,São Luís,122.331,122.331
2026-03-20,São Luís,126.96,126.96
2026-03-21,São Luís,115.764,115.764
2026-03-22,São Luís,104.031,104.031
2026-03-23,São Luís,137.218,137.218
2026-03-24,São Luís,130.979,130.979
2026-03-25,São Luís,127.357,127.357
2026-03-26,São Luís,125.929,125.929
2026-03-27,São Luís,124.63,124.63
2026-03-28,São Luís,109.221,109.221
2026-03-29,São Luís,103.006,103.006
2026-03-30,São Luís,142.354,142.354
2026-03-31,São Luís,137.395,137.395
2026-04-01,São Luís,134.406,134.406
2026-04-02,São Luís,130.151,130.151
2026-04-03,São Luís,125.585,125.585
2026-04-04,São Luís,113.835,113.835
2026-04-05,São Luís,118.016,118.016
2026-04-06,São Luís,159.738,159.738
2026-04-07,São Luís,139.139,139.139
2026-04-08,São Luís,132.501,132.501
2026-04-09,São Luís,128.222,128.222
2026-04-10,São Luís,122.682,122.682
2026-04-11,São Luís,109.854,109.854
2026-04-12,São Luís,104.473,104.473
2026-04-13,São Luís,142.463,142.463
2026-04-14,São Luís,139.94,139.94
2026-04-15,São Luís,134.27,134.27
2026-04-16,São Luís,128.262,128.262
2026-04-17,São Luís,119.903,119.903
2026-04-18,São Luís,108.316,108.316
2026-04-19,São Luís,101.112,101.112
2026-04-20,São Luís,142.78,142.78
2026-04-21,São Luís,135.309,135.309
2026-04-22,São Luís,122.031,122.031
2026-04-23,São Luís,119.427,119.427
2026-04-24,São Luís,113.73,113.73
2026-04-25,São Luís,106.937,106.937
2026-04-26,São Luís,102.187,102.187
2026-04-27,São Luís,144.079,144.079
2026-04-28,São Luís,137.001,137.001
2026-04-29,São Luís,131.883,131.883
2026-04-30,São Luís,130.045,130.045
2026-05-01,São Luís,125.915,125.915
2026-05-02,São Luís,114.054,114.054
2026-05-03,São Luís,111.401,111.401
2026-05-04,São Luís,144.931,144.931
2026-05-05,São Luís,147.568,147.568
2026-05-06,São Luís,142.04,142.04
2026-05-07,São Luís,125.609,125.609
2026-05-08,São Luís,124.696,124.696
2026-05-09,São Luís,115.918,115.918
2026-05-10,São Luís,106.624,106.624
2026-05-11,São Luís,145.692,145.692
2026-05-12,São Luís,134.775,134.775
2026-05-13,São Luís,127.514,127.514
2026-05-14,São Luís,126.332,126.332
2026-05-15,São Luís,121.836,121.836
2026-05-16,São Luís,107.731,107.731
2026-05-17,São Luís,101.722,101.722
2026-05-18,São Luís,136.148,136.148
2026-05-19,São Luís,129.09,129.09
2026-05-20,São Luís,134.834,134.834
2026-05-21,São Luís,129.97,129.97
2026-05-22,São Luís,115.659,115.659
2026-05-23,São Luís,108.397,108.397
2026-05-24,São Luís,107.541,107.541
2026-05-25,São Luís,148.421,148.421
2026-05-26,São Luís,139.702,139.702
2026-05-27,São Luís,133.508,133.508
2026-05-28,São Luís,127.574,127.574
2026-05-29,São Luís,127.04,127.04
2026-05-30,São Luís,111.199,111.199
2026-05-31,São Luís,107.785,107.785
2026-01-05,Maceió,116.706,116.706
2026-01-06,Maceió,111.062,111.062
2026-01-07,Maceió,98.051,98.051
2026-01-08,Maceió,95.114,95.114
2026-01-09,Maceió,91.828,91.828
2026-01-10,Maceió,82.415,82.415
2026-01-11,Maceió,75.711,75.711
2026-01-12,Maceió,109.498,109.498
2026-01-13,Maceió,105.502,105.502
2026-01-14,Maceió,100.4,100.4
2026-01-15,Maceió,96.122,96.122
2026-01-16,Maceió,91.411,91.411
2026-01-17,Maceió,80.707,80.707
2026-01-18,Maceió,77.128,77.128
2026-01-19,Maceió,118.503,118.503
2026-01-20,Maceió,121.742,121.742
2026-01-21,Maceió,116.603,116.603
2026-01-22,Maceió,105.52,105.52
2026-01-23,Maceió,100.158,100.158
2026-01-24,Maceió,86.373,86.373
2026-01-25,Maceió,78.372,78.372
2026-01-26,Maceió,111.726,111.726
2026-01-27,Maceió,107.17,107.17
2026-01-28,Maceió,102.423,102.423
2026-01-29,Maceió,98.946,98.946
2026-01-30,Maceió,93.831,93.831
2026-01-31,Maceió,82.239,82.239
2026-02-01,Maceió,76.728,76.728
2026-02-02,Maceió,112.534,112.534
2026-02-03,Maceió,108.902,108.902
2026-02-04,Maceió,105.22,105.22
2026-02-05,Maceió,108.634,108.634
2026-02-06,Maceió,105.153,105.153
2026-02-07,Maceió,84.332,84.332
2026-02-08,Maceió,78.184,78.184
2026-02-09,Maceió,114.518,114.518
2026-02-10,Maceió,107.68,107.68
2026-02-11,Maceió,100.816,100.816
2026-02-12,Maceió,100.886,100.886
2026-02-13,Maceió,98.024,98.024
2026-02-14,Maceió,61.027,61.027
2026-02-15,Maceió,59.766,59.766
2026-02-16,Maceió,86.481,86.481
2026-02-17,Maceió,86.624,86.624
2026-02-18,Maceió,116.668,116.668
2026-02-19,Maceió,112.81,112.81
2026-02-20,Maceió,113.919,113.919
2026-02-21,Maceió,99.772,99.772
2026-02-22,Maceió,86.612,86.612
2026-02-23,Maceió,126.303,126.303
2026-02-24,Maceió,121.481,121.481
2026-02-25,Maceió,116.994,116.994
2026-02-26,Maceió,112.793,112.793
2026-02-27,Maceió,105.291,105.291
2026-02-28,Maceió,92.082,92.082
2026-03-01,Maceió,84.416,84.416
2026-03-02,Maceió,121.489,121.489
2026-03-03,Maceió,114.605,114.605
2026-03-04,Maceió,113.118,113.118
2026-03-05,Maceió,116.366,116.366
2026-03-06,Maceió,105.291,105.291
2026-03-07,Maceió,84.3,84.3
2026-03-08,Maceió,79.223,79.223
2026-03-09,Maceió,119.191,119.191
2026-03-10,Maceió,113.52,113.52
2026-03-11,Maceió,109.556,109.556
2026-03-12,Maceió,102.235,102.235
2026-03-13,Maceió,98.185,98.185
2026-03-14,Maceió,87.246,87.246
2026-03-15,Maceió,80.272,80.272
2026-03-16,Maceió,115.093,115.093
2026-03-17,Maceió,106.7,106.7
2026-03-18,Maceió,103.505,103.505
2026-03-19,Maceió,102.254,102.254
2026-03-20,Maceió,107.212,107.212
2026-03-21,Maceió,94.601,94.601
2026-03-22,Maceió,83.313,83.313
2026-03-23,Maceió,118.78,118.78
2026-03-24,Maceió,115.219,115.219
2026-03-25,Maceió,110.178,110.178
2026-03-26,Maceió,109.087,109.087
2026-03-27,Maceió,105.902,105.902
2026-03-28,Maceió,90.079,90.079
2026-03-29,Maceió,80.35,80.35
2026-03-30,Maceió,117.5,117.5
2026-03-31,Maceió,112.724,112.724
2026-04-01,Maceió,110.87,110.87
2026-04-02,Maceió,104.447,104.447
2026-04-03,Maceió,100.082,100.082
2026-04-04,Maceió,87.482,87.482
2026-04-05,Maceió,87.067,87.067
2026-04-06,Maceió,127.023,127.023
2026-04-07,Maceió,109.385,109.385
2026-04-08,Maceió,103.747,103.747
2026-04-09,Maceió,100.511,100.511
2026-04-10,Maceió,94.703,94.703
2026-04-11,Maceió,82.242,82.242
2026-04-12,Maceió,78.358,78.358
2026-04-13,Maceió,112.943,112.943
2026-04-14,Maceió,107.584,107.584
2026-04-15,Maceió,103.823,103.823
2026-04-16,Maceió,100.612,100.612
2026-04-17,Maceió,94.528,94.528
2026-04-18,Maceió,85.336,85.336
2026-04-19,Maceió,78.644,78.644
2026-04-20,Maceió,126.444,126.444
2026-04-21,Maceió,119.549,119.549
2026-04-22,Maceió,106.398,106.398
2026-04-23,Maceió,104.943,104.943
2026-04-24,Maceió,99.29,99.29
2026-04-25,Maceió,89.598,89.598
2026-04-26,Maceió,82.414,82.414
2026-04-27,Maceió,120.971,120.971
2026-04-28,Maceió,113.408,113.408
2026-04-29,Maceió,110.496,110.496
2026-04-30,Maceió,106.214,106.214
2026-05-01,Maceió,103.533,103.533
2026-05-02,Maceió,91.125,91.125
2026-05-03,Maceió,82.274,82.274
2026-05-04,Maceió,122.404,122.404
2026-05-05,Maceió,126.371,126.371
2026-05-06,Maceió,122.046,122.046
2026-05-07,Maceió,112.696,112.696
2026-05-08,Maceió,108.201,108.201
2026-05-09,Maceió,91.919,91.919
2026-05-10,Maceió,81.707,81.707
2026-05-11,Maceió,122.944,122.944
2026-05-12,Maceió,114.834,114.834
2026-05-13,Maceió,108.216,108.216
2026-05-14,Maceió,104.161,104.161
2026-05-15,Maceió,101.574,101.574
2026-05-16,Maceió,86.504,86.504
2026-05-17,Maceió,79.224,79.224
2026-05-18,Maceió,120.251,120.251
2026-05-19,Maceió,110.816,110.816
2026-05-20,Maceió,114.715,114.715
2026-05-21,Maceió,110.902,110.902
2026-05-22,Maceió,99.939,99.939
2026-05-23,Maceió,91.832,91.832
2026-05-24,Maceió,88.374,88.374
2026-05-25,Maceió,131.501,131.501
2026-05-26,Maceió,120.499,120.499
2026-05-27,Maceió,114.143,114.143
2026-05-28,Maceió,107.852,107.852
2026-05-29,Maceió,103.154,103.154
2026-05-30,Maceió,90.079,90.079
2026-05-31,Maceió,84.326,84.326
2026-01-05,Campo Grande,111.849,111.849
2026-01-06,Campo Grande,100.155,100.155
2026-01-07,Campo Grande,92.02,92.02
2026-01-08,Campo Grande,90.343,90.343
2026-01-09,Campo Grande,87.595,87.595
2026-01-10,Campo Grande,75.624,75.624
2026-01-11,Campo Grande,67.116,67.116
2026-01-12,Campo Grande,102.214,102.214
2026-01-13,Campo Grande,97.106,97.106
2026-01-14,Campo Grande,92.215,92.215
2026-01-15,Campo Grande,89.473,89.473
2026-01-16,Campo Grande,88.535,88.535
2026-01-17,Campo Grande,76.046,76.046
2026-01-18,Campo Grande,69.693,69.693
2026-01-19,Campo Grande,104.2,104.2
2026-01-20,Campo Grande,103.754,103.754
2026-01-21,Campo Grande,101.223,101.223
2026-01-22,Campo Grande,95.288,95.288
2026-01-23,Campo Grande,91.324,91.324
2026-01-24,Campo Grande,80.459,80.459
2026-01-25,Campo Grande,71.302,71.302
2026-01-26,Campo Grande,106.267,106.267
2026-01-27,Campo Grande,101.127,101.127
2026-01-28,Campo Grande,95.443,95.443
2026-01-29,Campo Grande,94.416,94.416
2026-01-30,Campo Grande,89.102,89.102
2026-01-31,Campo Grande,78.656,78.656
2026-02-01,Campo Grande,71.644,71.644
2026-02-02,Campo Grande,104.195,104.195
2026-02-03,Campo Grande,96.927,96.927
2026-02-04,Campo Grande,97.606,97.606
2026-02-05,Campo Grande,98.126,98.126
2026-02-06,Campo Grande,94.44,94.44
2026-02-07,Campo Grande,77.306,77.306
2026-02-08,Campo Grande,73.479,73.479
2026-02-09,Campo Grande,111.839,111.839
2026-02-10,Campo Grande,103.243,103.243
2026-02-11,Campo Grande,100.706,100.706
2026-02-12,Campo Grande,96.824,96.824
2026-02-13,Campo Grande,95.15,95.15
2026-02-14,Campo Grande,56.586,56.586
2026-02-15,Campo Grande,53.055,53.055
2026-02-16,Campo Grande,78.023,78.023
2026-02-17,Campo Grande,71.57,71.57
2026-02-18,Campo Grande,97.646,97.646
2026-02-19,Campo Grande,95.855,95.855
2026-02-20,Campo Grande,98.956,98.956
2026-02-21,Campo Grande,88.23,88.23
2026-02-22,Campo Grande,74.295,74.295
2026-02-23,Campo Grande,112.595,112.595
2026-02-24,Campo Grande,107.335,107.335
2026-02-25,Campo Grande,103.621,103.621
2026-02-26,Campo Grande,99.999,99.999
2026-02-27,Campo Grande,94.17,94.17
2026-02-28,Campo Grande,82.66,82.66
2026-03-01,Campo Grande,79.262,79.262
2026-03-02,Campo Grande,117.603,117.603
2026-03-03,Campo Grande,114.416,114.416
2026-03-04,Campo Grande,114.767,114.767
2026-03-05,Campo Grande,119.63,119.63
2026-03-06,Campo Grande,111.985,111.985
2026-03-07,Campo Grande,91.809,91.809
2026-03-08,Campo Grande,82.794,82.794
2026-03-09,Campo Grande,121.632,121.632
2026-03-10,Campo Grande,113.341,113.341
2026-03-11,Campo Grande,110.166,110.166
2026-03-12,Campo Grande,104.71,104.71
2026-03-13,Campo Grande,99.557,99.557
2026-03-14,Campo Grande,88.774,88.774
2026-03-15,Campo Grande,82.853,82.853
2026-03-16,Campo Grande,122.03,122.03
2026-03-17,Campo Grande,111.064,111.064
2026-03-18,Campo Grande,107.684,107.684
2026-03-19,Campo Grande,106.719,106.719
2026-03-20,Campo Grande,104.716,104.716
2026-03-21,Campo Grande,90.661,90.661
2026-03-22,Campo Grande,78.344,78.344
2026-03-23,Campo Grande,119.084,119.084
2026-03-24,Campo Grande,114.089,114.089
2026-03-25,Campo Grande,110.403,110.403
2026-03-26,Campo Grande,108.419,108.419
2026-03-27,Campo Grande,103.321,103.321
2026-03-28,Campo Grande,88.813,88.813
2026-03-29,Campo Grande,82.514,82.514
2026-03-30,Campo Grande,121.112,121.112
2026-03-31,Campo Grande,112.003,112.003
2026-04-01,Campo Grande,104.66,104.66
2026-04-02,Campo Grande,100.455,100.455
2026-04-03,Campo Grande,96.817,96.817
2026-04-04,Campo Grande,85.538,85.538
2026-04-05,Campo Grande,83.478,83.478
2026-04-06,Campo Grande,124.405,124.405
2026-04-07,Campo Grande,106.022,106.022
2026-04-08,Campo Grande,98.716,98.716
2026-04-09,Campo Grande,95.374,95.374
2026-04-10,Campo Grande,92.962,92.962
2026-04-11,Campo Grande,83.811,83.811
2026-04-12,Campo Grande,77.12,77.12
2026-04-13,Campo Grande,109.927,109.927
2026-04-14,Campo Grande,103.152,103.152
2026-04-15,Campo Grande,99.349,99.349
2026-04-16,Campo Grande,98.075,98.075
2026-04-17,Campo Grande,95.351,95.351
2026-04-18,Campo Grande,82.544,82.544
2026-04-19,Campo Grande,76.549,76.549
2026-04-20,Campo Grande,123.158,123.158
2026-04-21,Campo Grande,117.636,117.636
2026-04-22,Campo Grande,102.938,102.938
2026-04-23,Campo Grande,99.532,99.532
2026-04-24,Campo Grande,90.064,90.064
2026-04-25,Campo Grande,79.308,79.308
2026-04-26,Campo Grande,73.011,73.011
2026-04-27,Campo Grande,107.735,107.735
2026-04-28,Campo Grande,101.721,101.721
2026-04-29,Campo Grande,98.266,98.266
2026-04-30,Campo Grande,92.384,92.384
2026-05-01,Campo Grande,88.469,88.469
2026-05-02,Campo Grande,76.153,76.153
2026-05-03,Campo Grande,71.672,71.672
2026-05-04,Campo Grande,103.312,103.312
2026-05-05,Campo Grande,104.546,104.546
2026-05-06,Campo Grande,101.863,101.863
2026-05-07,Campo Grande,93.729,93.729
2026-05-08,Campo Grande,91.626,91.626
2026-05-09,Campo Grande,81.52,81.52
2026-05-10,Campo Grande,74.634,74.634
2026-05-11,Campo Grande,110.055,110.055
2026-05-12,Campo Grande,104.192,104.192
2026-05-13,Campo Grande,100.701,100.701
2026-05-14,Campo Grande,96.158,96.158
2026-05-15,Campo Grande,93.288,93.288
2026-05-16,Campo Grande,80.148,80.148
2026-05-17,Campo Grande,73.059,73.059
2026-05-18,Campo Grande,108.88,108.88
2026-05-19,Campo Grande,103.781,103.781
2026-05-20,Campo Grande,108.802,108.802
2026-05-21,Campo Grande,108.469,108.469
2026-05-22,Campo Grande,96.564,96.564
2026-05-23,Campo Grande,84.763,84.763
2026-05-24,Campo Grande,80.712,80.712
2026-05-25,Campo Grande,120.317,120.317
2026-05-26,Campo Grande,110.113,110.113
2026-05-27,Campo Grande,102.547,102.547
2026-05-28,Campo Grande,98.745,98.745
2026-05-29,Campo Grande,92.502,92.502
2026-05-30,Campo Grande,78.335,78.335
2026-05-31,Campo Grande,71.641,71.641
2026-01-05,Teresina,95.408,95.408
2026-01-06,Teresina,91.121,91.121
2026-01-07,Teresina,80.8,80.8
2026-01-08,Teresina,78.871,78.871
2026-01-09,Teresina,72.727,72.727
2026-01-10,Teresina,64.37,64.37
2026-01-11,Teresina,60.482,60.482
2026-01-12,Teresina,87.336,87.336
2026-01-13,Teresina,82.535,82.535
2026-01-14,Teresina,80.618,80.618
2026-01-15,Teresina,77.293,77.293
2026-01-16,Teresina,73.384,73.384
2026-01-17,Teresina,66.129,66.129
2026-01-18,Teresina,64.159,64.159
2026-01-19,Teresina,94.532,94.532
2026-01-20,Teresina,96.375,96.375
2026-01-21,Teresina,88.958,88.958
2026-01-22,Teresina,77.595,77.595
2026-01-23,Teresina,76.193,76.193
2026-01-24,Teresina,66.785,66.785
2026-01-25,Teresina,61.241,61.241
2026-01-26,Teresina,88.3,88.3
2026-01-27,Teresina,85.087,85.087
2026-01-28,Teresina,83.04,83.04
2026-01-29,Teresina,79.745,79.745
2026-01-30,Teresina,77.007,77.007
2026-01-31,Teresina,67.788,67.788
2026-02-01,Teresina,62.862,62.862
2026-02-02,Teresina,92.246,92.246
2026-02-03,Teresina,87.324,87.324
2026-02-04,Teresina,90.447,90.447
2026-02-05,Teresina,92.944,92.944
2026-02-06,Teresina,89.223,89.223
2026-02-07,Teresina,73.373,73.373
2026-02-08,Teresina,70.15,70.15
2026-02-09,Teresina,101.978,101.978
2026-02-10,Teresina,93.165,93.165
2026-02-11,Teresina,90.778,90.778
2026-02-12,Teresina,87.219,87.219
2026-02-13,Teresina,82.907,82.907
2026-02-14,Teresina,50.158,50.158
2026-02-15,Teresina,48.169,48.169
2026-02-16,Teresina,67.962,67.962
2026-02-17,Teresina,65.182,65.182
2026-02-18,Teresina,89.056,89.056
2026-02-19,Teresina,89.9,89.9
2026-02-20,Teresina,95.474,95.474
2026-02-21,Teresina,83.582,83.582
2026-02-22,Teresina,71.814,71.814
2026-02-23,Teresina,102.05,102.05
2026-02-24,Teresina,97.48,97.48
2026-02-25,Teresina,93.455,93.455
2026-02-26,Teresina,89.538,89.538
2026-02-27,Teresina,87.176,87.176
2026-02-28,Teresina,75.483,75.483
2026-03-01,Teresina,69.796,69.796
2026-03-02,Teresina,96.675,96.675
2026-03-03,Teresina,94.363,94.363
2026-03-04,Teresina,92.089,92.089
2026-03-05,Teresina,96.752,96.752
2026-03-06,Teresina,92.375,92.375
2026-03-07,Teresina,73.656,73.656
2026-03-08,Teresina,69.392,69.392
2026-03-09,Teresina,98.69,98.69
2026-03-10,Teresina,92.82,92.82
2026-03-11,Teresina,89.991,89.991
2026-03-12,Teresina,85.285,85.285
2026-03-13,Teresina,79.417,79.417
2026-03-14,Teresina,70.771,70.771
2026-03-15,Teresina,64.771,64.771
2026-03-16,Teresina,93.636,93.636
2026-03-17,Teresina,92.424,92.424
2026-03-18,Teresina,89.62,89.62
2026-03-19,Teresina,84.016,84.016
2026-03-20,Teresina,89.06,89.06
2026-03-21,Teresina,80.405,80.405
2026-03-22,Teresina,68.01,68.01
2026-03-23,Teresina,97.68,97.68
2026-03-24,Teresina,95.39,95.39
2026-03-25,Teresina,91.925,91.925
2026-03-26,Teresina,87.868,87.868
2026-03-27,Teresina,86.167,86.167
2026-03-28,Teresina,72.503,72.503
2026-03-29,Teresina,66.812,66.812
2026-03-30,Teresina,98.85,98.85
2026-03-31,Teresina,93.822,93.822
2026-04-01,Teresina,90.344,90.344
2026-04-02,Teresina,88.924,88.924
2026-04-03,Teresina,88.052,88.052
2026-04-04,Teresina,79.687,79.687
2026-04-05,Teresina,80.363,80.363
2026-04-06,Teresina,118.031,118.031
2026-04-07,Teresina,104.007,104.007
2026-04-08,Teresina,98.628,98.628
2026-04-09,Teresina,93.674,93.674
2026-04-10,Teresina,88.352,88.352
2026-04-11,Teresina,74.43,74.43
2026-04-12,Teresina,67.846,67.846
2026-04-13,Teresina,96.882,96.882
2026-04-14,Teresina,92.68,92.68
2026-04-15,Teresina,89.667,89.667
2026-04-16,Teresina,87.004,87.004
2026-04-17,Teresina,83.701,83.701
2026-04-18,Teresina,75.236,75.236
2026-04-19,Teresina,69.147,69.147
2026-04-20,Teresina,106.904,106.904
2026-04-21,Teresina,99.696,99.696
2026-04-22,Teresina,91.422,91.422
2026-04-23,Teresina,89.997,89.997
2026-04-24,Teresina,82.578,82.578
2026-04-25,Teresina,73.858,73.858
2026-04-26,Teresina,71.103,71.103
2026-04-27,Teresina,101.165,101.165
2026-04-28,Teresina,95.716,95.716
2026-04-29,Teresina,92.818,92.818
2026-04-30,Teresina,89.083,89.083
2026-05-01,Teresina,86.035,86.035
2026-05-02,Teresina,73.723,73.723
2026-05-03,Teresina,67.993,67.993
2026-05-04,Teresina,98.849,98.849
2026-05-05,Teresina,99.182,99.182
2026-05-06,Teresina,94.41,94.41
2026-05-07,Teresina,86.6,86.6
2026-05-08,Teresina,84.013,84.013
2026-05-09,Teresina,74.807,74.807
2026-05-10,Teresina,70.113,70.113
2026-05-11,Teresina,100.954,100.954
2026-05-12,Teresina,95.637,95.637
2026-05-13,Teresina,91.119,91.119
2026-05-14,Teresina,85.188,85.188
2026-05-15,Teresina,81.102,81.102
2026-05-16,Teresina,73.861,73.861
2026-05-17,Teresina,68.719,68.719
2026-05-18,Teresina,96.385,96.385
2026-05-19,Teresina,88.646,88.646
2026-05-20,Teresina,90.715,90.715
2026-05-21,Teresina,91.694,91.694
2026-05-22,Teresina,81.712,81.712
2026-05-23,Teresina,76.06,76.06
2026-05-24,Teresina,73.071,73.071
2026-05-25,Teresina,105.657,105.657
2026-05-26,Teresina,97.08,97.08
2026-05-27,Teresina,92.137,92.137
2026-05-28,Teresina,88.282,88.282
2026-05-29,Teresina,85.659,85.659
2026-05-30,Teresina,73.873,73.873
2026-05-31,Teresina,69.242,69.242
2026-01-05,João Pessoa,98.266,98.266
2026-01-06,João Pessoa,92.849,92.849
2026-01-07,João Pessoa,82.909,82.909
2026-01-08,João Pessoa,79.951,79.951
2026-01-09,João Pessoa,78.043,78.043
2026-01-10,João Pessoa,69.239,69.239
2026-01-11,João Pessoa,62.342,62.342
2026-01-12,João Pessoa,93.26,93.26
2026-01-13,João Pessoa,86.982,86.982
2026-01-14,João Pessoa,80.834,80.834
2026-01-15,João Pessoa,81.001,81.001
2026-01-16,João Pessoa,75.487,75.487
2026-01-17,João Pessoa,67.001,67.001
2026-01-18,João Pessoa,61.994,61.994
2026-01-19,João Pessoa,94.782,94.782
2026-01-20,João Pessoa,97.108,97.108
2026-01-21,João Pessoa,93.963,93.963
2026-01-22,João Pessoa,82.952,82.952
2026-01-23,João Pessoa,81.227,81.227
2026-01-24,João Pessoa,70.071,70.071
2026-01-25,João Pessoa,62.936,62.936
2026-01-26,João Pessoa,94.087,94.087
2026-01-27,João Pessoa,91.62,91.62
2026-01-28,João Pessoa,89.452,89.452
2026-01-29,João Pessoa,85.731,85.731
2026-01-30,João Pessoa,78.14,78.14
2026-01-31,João Pessoa,68.215,68.215
2026-02-01,João Pessoa,63.616,63.616
2026-02-02,João Pessoa,96.833,96.833
2026-02-03,João Pessoa,93.677,93.677
2026-02-04,João Pessoa,91.712,91.712
2026-02-05,João Pessoa,93.172,93.172
2026-02-06,João Pessoa,87.535,87.535
2026-02-07,João Pessoa,68.095,68.095
2026-02-08,João Pessoa,63.35,63.35
2026-02-09,João Pessoa,96.706,96.706
2026-02-10,João Pessoa,92.334,92.334
2026-02-11,João Pessoa,85.609,85.609
2026-02-12,João Pessoa,84.355,84.355
2026-02-13,João Pessoa,83.181,83.181
2026-02-14,João Pessoa,50.786,50.786
2026-02-15,João Pessoa,47.65,47.65
2026-02-16,João Pessoa,71.631,71.631
2026-02-17,João Pessoa,70.378,70.378
2026-02-18,João Pessoa,93.641,93.641
2026-02-19,João Pessoa,90.838,90.838
2026-02-20,João Pessoa,91.308,91.308
2026-02-21,João Pessoa,78.445,78.445
2026-02-22,João Pessoa,67.174,67.174
2026-02-23,João Pessoa,103.977,103.977
2026-02-24,João Pessoa,100.012,100.012
2026-02-25,João Pessoa,96.698,96.698
2026-02-26,João Pessoa,92.126,92.126
2026-02-27,João Pessoa,91.473,91.473
2026-02-28,João Pessoa,77.632,77.632
2026-03-01,João Pessoa,70.036,70.036
2026-03-02,João Pessoa,101.017,101.017
2026-03-03,João Pessoa,98.907,98.907
2026-03-04,João Pessoa,94.024,94.024
2026-03-05,João Pessoa,101.399,101.399
2026-03-06,João Pessoa,91.016,91.016
2026-03-07,João Pessoa,74.699,74.699
2026-03-08,João Pessoa,69.262,69.262
2026-03-09,João Pessoa,106.313,106.313
2026-03-10,João Pessoa,96.118,96.118
2026-03-11,João Pessoa,93.713,93.713
2026-03-12,João Pessoa,89.253,89.253
2026-03-13,João Pessoa,84.328,84.328
2026-03-14,João Pessoa,76.014,76.014
2026-03-15,João Pessoa,68.845,68.845
2026-03-16,João Pessoa,101.14,101.14
2026-03-17,João Pessoa,94.033,94.033
2026-03-18,João Pessoa,85.687,85.687
2026-03-19,João Pessoa,84.877,84.877
2026-03-20,João Pessoa,89.163,89.163
2026-03-21,João Pessoa,76.997,76.997
2026-03-22,João Pessoa,67.094,67.094
2026-03-23,João Pessoa,101.024,101.024
2026-03-24,João Pessoa,96.545,96.545
2026-03-25,João Pessoa,90.769,90.769
2026-03-26,João Pessoa,87.483,87.483
2026-03-27,João Pessoa,86.24,86.24
2026-03-28,João Pessoa,74.206,74.206
2026-03-29,João Pessoa,70.19,70.19
2026-03-30,João Pessoa,105.676,105.676
2026-03-31,João Pessoa,97.357,97.357
2026-04-01,João Pessoa,96.01,96.01
2026-04-02,João Pessoa,93.087,93.087
2026-04-03,João Pessoa,90.83,90.83
2026-04-04,João Pessoa,80.442,80.442
2026-04-05,João Pessoa,77.965,77.965
2026-04-06,João Pessoa,117.677,117.677
2026-04-07,João Pessoa,101.784,101.784
2026-04-08,João Pessoa,94.001,94.001
2026-04-09,João Pessoa,89.239,89.239
2026-04-10,João Pessoa,86.927,86.927
2026-04-11,João Pessoa,74.241,74.241
2026-04-12,João Pessoa,66.501,66.501
2026-04-13,João Pessoa,97.324,97.324
2026-04-14,João Pessoa,95.19,95.19
2026-04-15,João Pessoa,89.084,89.084
2026-04-16,João Pessoa,85.474,85.474
2026-04-17,João Pessoa,80.303,80.303
2026-04-18,João Pessoa,68.344,68.344
2026-04-19,João Pessoa,64.944,64.944
2026-04-20,João Pessoa,104.101,104.101
2026-04-21,João Pessoa,100.06,100.06
2026-04-22,João Pessoa,89.482,89.482
2026-04-23,João Pessoa,89.526,89.526
2026-04-24,João Pessoa,84.096,84.096
2026-04-25,João Pessoa,74.834,74.834
2026-04-26,João Pessoa,69.946,69.946
2026-04-27,João Pessoa,105.827,105.827
2026-04-28,João Pessoa,98.999,98.999
2026-04-29,João Pessoa,94.03,94.03
2026-04-30,João Pessoa,94.862,94.862
2026-05-01,João Pessoa,88.173,88.173
2026-05-02,João Pessoa,76.061,76.061
2026-05-03,João Pessoa,69.87,69.87
2026-05-04,João Pessoa,104.494,104.494
2026-05-05,João Pessoa,102.232,102.232
2026-05-06,João Pessoa,97.793,97.793
2026-05-07,João Pessoa,88.134,88.134
2026-05-08,João Pessoa,82.693,82.693
2026-05-09,João Pessoa,72.717,72.717
2026-05-10,João Pessoa,65.598,65.598
2026-05-11,João Pessoa,97.952,97.952
2026-05-12,João Pessoa,93.118,93.118
2026-05-13,João Pessoa,90.216,90.216
2026-05-14,João Pessoa,87.629,87.629
2026-05-15,João Pessoa,85.041,85.041
2026-05-16,João Pessoa,71.141,71.141
2026-05-17,João Pessoa,63.808,63.808
2026-05-18,João Pessoa,100.402,100.402
2026-05-19,João Pessoa,92.339,92.339
2026-05-20,João Pessoa,94.989,94.989
2026-05-21,João Pessoa,91.452,91.452
2026-05-22,João Pessoa,81.645,81.645
2026-05-23,João Pessoa,72.318,72.318
2026-05-24,João Pessoa,69.512,69.512
2026-05-25,João Pessoa,105.24,105.24
2026-05-26,João Pessoa,98.04,98.04
2026-05-27,João Pessoa,89.495,89.495
2026-05-28,João Pessoa,86.952,86.952
2026-05-29,João Pessoa,81.186,81.186
2026-05-30,João Pessoa,71.115,71.115
2026-05-31,João Pessoa,69.305,69.305
2026-01-05,Natal,90.428,90.428
2026-01-06,Natal,86.183,86.183
2026-01-07,Natal,75.69,75.69
2026-01-08,Natal,73.206,73.206
2026-01-09,Natal,72.456,72.456
2026-01-10,Natal,65.074,65.074
2026-01-11,Natal,60.674,60.674
2026-01-12,Natal,80.6,80.6
2026-01-13,Natal,76.779,76.779
2026-01-14,Natal,72.814,72.814
2026-01-15,Natal,72.788,72.788
2026-01-16,Natal,70.397,70.397
2026-01-17,Natal,63.405,63.405
2026-01-18,Natal,60.049,60.049
2026-01-19,Natal,83.769,83.769
2026-01-20,Natal,86.857,86.857
2026-01-21,Natal,84.498,84.498
2026-01-22,Natal,77.871,77.871
2026-01-23,Natal,76.285,76.285
2026-01-24,Natal,68.259,68.259
2026-01-25,Natal,65.068,65.068
2026-01-26,Natal,88.057,88.057
2026-01-27,Natal,84.676,84.676
2026-01-28,Natal,81.476,81.476
2026-01-29,Natal,77.19,77.19
2026-01-30,Natal,72.361,72.361
2026-01-31,Natal,66.458,66.458
2026-02-01,Natal,63.3,63.3
2026-02-02,Natal,85.992,85.992
2026-02-03,Natal,84.339,84.339
2026-02-04,Natal,83.598,83.598
2026-02-05,Natal,87.441,87.441
2026-02-06,Natal,85.824,85.824
2026-02-07,Natal,72.885,72.885
2026-02-08,Natal,68.241,68.241
2026-02-09,Natal,94.338,94.338
2026-02-10,Natal,90.323,90.323
2026-02-11,Natal,87.257,87.257
2026-02-12,Natal,85.296,85.296
2026-02-13,Natal,81.806,81.806
2026-02-14,Natal,51.059,51.059
2026-02-15,Natal,49.734,49.734
2026-02-16,Natal,69.682,69.682
2026-02-17,Natal,66.16,66.16
2026-02-18,Natal,90.829,90.829
2026-02-19,Natal,87.61,87.61
2026-02-20,Natal,89.615,89.615
2026-02-21,Natal,82.958,82.958
2026-02-22,Natal,71.388,71.388
2026-02-23,Natal,94.961,94.961
2026-02-24,Natal,87.548,87.548
2026-02-25,Natal,84.697,84.697
2026-02-26,Natal,80.477,80.477
2026-02-27,Natal,79.366,79.366
2026-02-28,Natal,75.459,75.459
2026-03-01,Natal,70.321,70.321
2026-03-02,Natal,91.018,91.018
2026-03-03,Natal,90.164,90.164
2026-03-04,Natal,84.496,84.496
2026-03-05,Natal,90.879,90.879
2026-03-06,Natal,85.141,85.141
2026-03-07,Natal,70.339,70.339
2026-03-08,Natal,67.143,67.143
2026-03-09,Natal,92.71,92.71
2026-03-10,Natal,88.212,88.212
2026-03-11,Natal,84.289,84.289
2026-03-12,Natal,80.244,80.244
2026-03-13,Natal,75.832,75.832
2026-03-14,Natal,71.548,71.548
2026-03-15,Natal,65.794,65.794
2026-03-16,Natal,87.425,87.425
2026-03-17,Natal,85.351,85.351
2026-03-18,Natal,82.228,82.228
2026-03-19,Natal,81.672,81.672
2026-03-20,Natal,84.908,84.908
2026-03-21,Natal,79.05,79.05
2026-03-22,Natal,71.047,71.047
2026-03-23,Natal,96.274,96.274
2026-03-24,Natal,94.146,94.146
2026-03-25,Natal,91.292,91.292
2026-03-26,Natal,88.743,88.743
2026-03-27,Natal,84.149,84.149
2026-03-28,Natal,75.861,75.861
2026-03-29,Natal,71.371,71.371
2026-03-30,Natal,97.879,97.879
2026-03-31,Natal,91.655,91.655
2026-04-01,Natal,87.978,87.978
2026-04-02,Natal,86.281,86.281
2026-04-03,Natal,84.481,84.481
2026-04-04,Natal,74.052,74.052
2026-04-05,Natal,75.862,75.862
2026-04-06,Natal,99.885,99.885
2026-04-07,Natal,87.757,87.757
2026-04-08,Natal,87.109,87.109
2026-04-09,Natal,86.974,86.974
2026-04-10,Natal,81.754,81.754
2026-04-11,Natal,72.18,72.18
2026-04-12,Natal,68.224,68.224
2026-04-13,Natal,94.654,94.654
2026-04-14,Natal,89.871,89.871
2026-04-15,Natal,84.443,84.443
2026-04-16,Natal,85.087,85.087
2026-04-17,Natal,80.365,80.365
2026-04-18,Natal,73.626,73.626
2026-04-19,Natal,67.297,67.297
2026-04-20,Natal,96.541,96.541
2026-04-21,Natal,89.316,89.316
2026-04-22,Natal,79.829,79.829
2026-04-23,Natal,80.504,80.504
2026-04-24,Natal,76.906,76.906
2026-04-25,Natal,70.273,70.273
2026-04-26,Natal,66.18,66.18
2026-04-27,Natal,89.115,89.115
2026-04-28,Natal,85.898,85.898
2026-04-29,Natal,85.385,85.385
2026-04-30,Natal,80.652,80.652
2026-05-01,Natal,77.413,77.413
2026-05-02,Natal,70.66,70.66
2026-05-03,Natal,67.122,67.122
2026-05-04,Natal,90.505,90.505
2026-05-05,Natal,92.074,92.074
2026-05-06,Natal,88.684,88.684
2026-05-07,Natal,80.699,80.699
2026-05-08,Natal,79.1,79.1
2026-05-09,Natal,73.96,73.96
2026-05-10,Natal,68.656,68.656
2026-05-11,Natal,94.034,94.034
2026-05-12,Natal,90.467,90.467
2026-05-13,Natal,89.953,89.953
2026-05-14,Natal,86.243,86.243
2026-05-15,Natal,85.035,85.035
2026-05-16,Natal,77.926,77.926
2026-05-17,Natal,72.326,72.326
2026-05-18,Natal,96.23,96.23
2026-05-19,Natal,90.677,90.677
2026-05-20,Natal,92.3,92.3
2026-05-21,Natal,91.888,91.888
2026-05-22,Natal,82.731,82.731
2026-05-23,Natal,76.871,76.871
2026-05-24,Natal,72.788,72.788
2026-05-25,Natal,96.147,96.147
2026-05-26,Natal,95.602,95.602
2026-05-27,Natal,89.194,89.194
2026-05-28,Natal,85.212,85.212
2026-05-29,Natal,84.233,84.233
2026-05-30,Natal,75.731,75.731
2026-05-31,Natal,72.213,72.213
2026-01-05,Ribeirão Preto,67.935,67.935
2026-01-06,Ribeirão Preto,63.208,63.208
2026-01-07,Ribeirão Preto,55.968,55.968
2026-01-08,Ribeirão Preto,54.632,54.632
2026-01-09,Ribeirão Preto,51.941,51.941
2026-01-10,Ribeirão Preto,46.073,46.073
2026-01-11,Ribeirão Preto,41.826,41.826
2026-01-12,Ribeirão Preto,60.221,60.221
2026-01-13,Ribeirão Preto,56.82,56.82
2026-01-14,Ribeirão Preto,58.022,58.022
2026-01-15,Ribeirão Preto,57.15,57.15
2026-01-16,Ribeirão Preto,54.151,54.151
2026-01-17,Ribeirão Preto,47.287,47.287
2026-01-18,Ribeirão Preto,42.641,42.641
2026-01-19,Ribeirão Preto,62.565,62.565
2026-01-20,Ribeirão Preto,62.097,62.097
2026-01-21,Ribeirão Preto,61.05,61.05
2026-01-22,Ribeirão Preto,52.846,52.846
2026-01-23,Ribeirão Preto,50.424,50.424
2026-01-24,Ribeirão Preto,43.956,43.956
2026-01-25,Ribeirão Preto,40.751,40.751
2026-01-26,Ribeirão Preto,62.457,62.457
2026-01-27,Ribeirão Preto,58.085,58.085
2026-01-28,Ribeirão Preto,56.734,56.734
2026-01-29,Ribeirão Preto,53.567,53.567
2026-01-30,Ribeirão Preto,53.18,53.18
2026-01-31,Ribeirão Preto,44.93,44.93
2026-02-01,Ribeirão Preto,40.499,40.499
2026-02-02,Ribeirão Preto,61.798,61.798
2026-02-03,Ribeirão Preto,60.583,60.583
2026-02-04,Ribeirão Preto,60.019,60.019
2026-02-05,Ribeirão Preto,62.697,62.697
2026-02-06,Ribeirão Preto,59.563,59.563
2026-02-07,Ribeirão Preto,47.37,47.37
2026-02-08,Ribeirão Preto,43.89,43.89
2026-02-09,Ribeirão Preto,65.581,65.581
2026-02-10,Ribeirão Preto,60.27,60.27
2026-02-11,Ribeirão Preto,58.822,58.822
2026-02-12,Ribeirão Preto,55.933,55.933
2026-02-13,Ribeirão Preto,54.954,54.954
2026-02-14,Ribeirão Preto,33.001,33.001
2026-02-15,Ribeirão Preto,30.516,30.516
2026-02-16,Ribeirão Preto,45.288,45.288
2026-02-17,Ribeirão Preto,44.606,44.606
2026-02-18,Ribeirão Preto,62.344,62.344
2026-02-19,Ribeirão Preto,61.562,61.562
2026-02-20,Ribeirão Preto,61.9,61.9
2026-02-21,Ribeirão Preto,54.529,54.529
2026-02-22,Ribeirão Preto,45.723,45.723
2026-02-23,Ribeirão Preto,68.214,68.214
2026-02-24,Ribeirão Preto,64.426,64.426
2026-02-25,Ribeirão Preto,61.105,61.105
2026-02-26,Ribeirão Preto,57.581,57.581
2026-02-27,Ribeirão Preto,53.809,53.809
2026-02-28,Ribeirão Preto,45.33,45.33
2026-03-01,Ribeirão Preto,41.831,41.831
2026-03-02,Ribeirão Preto,64.797,64.797
2026-03-03,Ribeirão Preto,60.629,60.629
2026-03-04,Ribeirão Preto,56.145,56.145
2026-03-05,Ribeirão Preto,61.309,61.309
2026-03-06,Ribeirão Preto,57.409,57.409
2026-03-07,Ribeirão Preto,46.862,46.862
2026-03-08,Ribeirão Preto,43.728,43.728
2026-03-09,Ribeirão Preto,67.375,67.375
2026-03-10,Ribeirão Preto,62.582,62.582
2026-03-11,Ribeirão Preto,59.764,59.764
2026-03-12,Ribeirão Preto,56.484,56.484
2026-03-13,Ribeirão Preto,56.615,56.615
2026-03-14,Ribeirão Preto,48.145,48.145
2026-03-15,Ribeirão Preto,44.101,44.101
2026-03-16,Ribeirão Preto,65.769,65.769
2026-03-17,Ribeirão Preto,61.0,61.0
2026-03-18,Ribeirão Preto,60.148,60.148
2026-03-19,Ribeirão Preto,60.996,60.996
2026-03-20,Ribeirão Preto,61.689,61.689
2026-03-21,Ribeirão Preto,52.78,52.78
2026-03-22,Ribeirão Preto,43.728,43.728
2026-03-23,Ribeirão Preto,65.928,65.928
2026-03-24,Ribeirão Preto,62.489,62.489
2026-03-25,Ribeirão Preto,59.699,59.699
2026-03-26,Ribeirão Preto,59.884,59.884
2026-03-27,Ribeirão Preto,58.55,58.55
2026-03-28,Ribeirão Preto,50.882,50.882
2026-03-29,Ribeirão Preto,46.404,46.404
2026-03-30,Ribeirão Preto,67.632,67.632
2026-03-31,Ribeirão Preto,64.603,64.603
2026-04-01,Ribeirão Preto,62.116,62.116
2026-04-02,Ribeirão Preto,61.842,61.842
2026-04-03,Ribeirão Preto,59.68,59.68
2026-04-04,Ribeirão Preto,50.374,50.374
2026-04-05,Ribeirão Preto,47.818,47.818
2026-04-06,Ribeirão Preto,71.728,71.728
2026-04-07,Ribeirão Preto,61.689,61.689
2026-04-08,Ribeirão Preto,60.305,60.305
2026-04-09,Ribeirão Preto,58.192,58.192
2026-04-10,Ribeirão Preto,56.54,56.54
2026-04-11,Ribeirão Preto,48.626,48.626
2026-04-12,Ribeirão Preto,44.266,44.266
2026-04-13,Ribeirão Preto,69.969,69.969
2026-04-14,Ribeirão Preto,65.183,65.183
2026-04-15,Ribeirão Preto,61.743,61.743
2026-04-16,Ribeirão Preto,62.722,62.722
2026-04-17,Ribeirão Preto,60.966,60.966
2026-04-18,Ribeirão Preto,52.122,52.122
2026-04-19,Ribeirão Preto,46.638,46.638
2026-04-20,Ribeirão Preto,76.432,76.432
2026-04-21,Ribeirão Preto,73.836,73.836
2026-04-22,Ribeirão Preto,64.921,64.921
2026-04-23,Ribeirão Preto,64.167,64.167
2026-04-24,Ribeirão Preto,58.445,58.445
2026-04-25,Ribeirão Preto,51.019,51.019
2026-04-26,Ribeirão Preto,46.756,46.756
2026-04-27,Ribeirão Preto,69.363,69.363
2026-04-28,Ribeirão Preto,66.806,66.806
2026-04-29,Ribeirão Preto,63.552,63.552
2026-04-30,Ribeirão Preto,60.515,60.515
2026-05-01,Ribeirão Preto,57.928,57.928
2026-05-02,Ribeirão Preto,48.347,48.347
2026-05-03,Ribeirão Preto,44.689,44.689
2026-05-04,Ribeirão Preto,69.628,69.628
2026-05-05,Ribeirão Preto,69.009,69.009
2026-05-06,Ribeirão Preto,65.575,65.575
2026-05-07,Ribeirão Preto,61.083,61.083
2026-05-08,Ribeirão Preto,60.262,60.262
2026-05-09,Ribeirão Preto,52.705,52.705
2026-05-10,Ribeirão Preto,48.149,48.149
2026-05-11,Ribeirão Preto,72.899,72.899
2026-05-12,Ribeirão Preto,68.115,68.115
2026-05-13,Ribeirão Preto,64.633,64.633
2026-05-14,Ribeirão Preto,61.279,61.279
2026-05-15,Ribeirão Preto,57.577,57.577
2026-05-16,Ribeirão Preto,48.579,48.579
2026-05-17,Ribeirão Preto,44.392,44.392
2026-05-18,Ribeirão Preto,68.098,68.098
2026-05-19,Ribeirão Preto,64.447,64.447
2026-05-20,Ribeirão Preto,67.122,67.122
2026-05-21,Ribeirão Preto,64.846,64.846
2026-05-22,Ribeirão Preto,58.821,58.821
2026-05-23,Ribeirão Preto,51.666,51.666
2026-05-24,Ribeirão Preto,48.007,48.007
2026-05-25,Ribeirão Preto,74.008,74.008
2026-05-26,Ribeirão Preto,70.094,70.094
2026-05-27,Ribeirão Preto,66.343,66.343
2026-05-28,Ribeirão Preto,63.747,63.747
2026-05-29,Ribeirão Preto,59.968,59.968
2026-05-30,Ribeirão Preto,50.832,50.832
2026-05-31,Ribeirão Preto,46.633,46.633
2026-01-05,Uberlândia,78.383,78.383
2026-01-06,Uberlândia,74.6,74.6
2026-01-07,Uberlândia,69.646,69.646
2026-01-08,Uberlândia,66.851,66.851
2026-01-09,Uberlândia,63.788,63.788
2026-01-10,Uberlândia,54.908,54.908
2026-01-11,Uberlândia,50.493,50.493
2026-01-12,Uberlândia,69.69,69.69
2026-01-13,Uberlândia,67.335,67.335
2026-01-14,Uberlândia,65.039,65.039
2026-01-15,Uberlândia,65.111,65.111
2026-01-16,Uberlândia,63.239,63.239
2026-01-17,Uberlândia,55.617,55.617
2026-01-18,Uberlândia,50.793,50.793
2026-01-19,Uberlândia,71.537,71.537
2026-01-20,Uberlândia,73.563,73.563
2026-01-21,Uberlândia,72.992,72.992
2026-01-22,Uberlândia,68.307,68.307
2026-01-23,Uberlândia,67.975,67.975
2026-01-24,Uberlândia,59.385,59.385
2026-01-25,Uberlândia,55.206,55.206
2026-01-26,Uberlândia,77.498,77.498
2026-01-27,Uberlândia,72.62,72.62
2026-01-28,Uberlândia,71.358,71.358
2026-01-29,Uberlândia,69.023,69.023
2026-01-30,Uberlândia,66.576,66.576
2026-01-31,Uberlândia,59.862,59.862
2026-02-01,Uberlândia,56.943,56.943
2026-02-02,Uberlândia,78.688,78.688
2026-02-03,Uberlândia,74.48,74.48
2026-02-04,Uberlândia,75.42,75.42
2026-02-05,Uberlândia,79.083,79.083
2026-02-06,Uberlândia,74.621,74.621
2026-02-07,Uberlândia,61.612,61.612
2026-02-08,Uberlândia,58.189,58.189
2026-02-09,Uberlândia,82.08,82.08
2026-02-10,Uberlândia,75.288,75.288
2026-02-11,Uberlândia,70.81,70.81
2026-02-12,Uberlândia,67.818,67.818
2026-02-13,Uberlândia,65.449,65.449
2026-02-14,Uberlândia,40.84,40.84
2026-02-15,Uberlândia,38.541,38.541
2026-02-16,Uberlândia,53.176,53.176
2026-02-17,Uberlândia,51.714,51.714
2026-02-18,Uberlândia,70.941,70.941
2026-02-19,Uberlândia,68.721,68.721
2026-02-20,Uberlândia,72.047,72.047
2026-02-21,Uberlândia,66.034,66.034
2026-02-22,Uberlândia,56.609,56.609
2026-02-23,Uberlândia,79.116,79.116
2026-02-24,Uberlândia,78.964,78.964
2026-02-25,Uberlândia,75.919,75.919
2026-02-26,Uberlândia,72.086,72.086
2026-02-27,Uberlândia,68.913,68.913
2026-02-28,Uberlândia,61.606,61.606
2026-03-01,Uberlândia,57.797,57.797
2026-03-02,Uberlândia,80.687,80.687
2026-03-03,Uberlândia,75.726,75.726
2026-03-04,Uberlândia,70.499,70.499
2026-03-05,Uberlândia,74.09,74.09
2026-03-06,Uberlândia,70.369,70.369
2026-03-07,Uberlândia,57.799,57.799
2026-03-08,Uberlândia,53.935,53.935
2026-03-09,Uberlândia,76.259,76.259
2026-03-10,Uberlândia,75.062,75.062
2026-03-11,Uberlândia,72.147,72.147
2026-03-12,Uberlândia,70.888,70.888
2026-03-13,Uberlândia,67.334,67.334
2026-03-14,Uberlândia,61.149,61.149
2026-03-15,Uberlândia,58.066,58.066
2026-03-16,Uberlândia,82.325,82.325
2026-03-17,Uberlândia,79.411,79.411
2026-03-18,Uberlândia,76.603,76.603
2026-03-19,Uberlândia,73.829,73.829
2026-03-20,Uberlândia,76.059,76.059
2026-03-21,Uberlândia,69.39,69.39
2026-03-22,Uberlândia,59.461,59.461
2026-03-23,Uberlândia,81.39,81.39
2026-03-24,Uberlândia,77.959,77.959
2026-03-25,Uberlândia,75.784,75.784
2026-03-26,Uberlândia,74.228,74.228
2026-03-27,Uberlândia,72.1,72.1
2026-03-28,Uberlândia,63.54,63.54
2026-03-29,Uberlândia,56.728,56.728
2026-03-30,Uberlândia,78.029,78.029
2026-03-31,Uberlândia,74.302,74.302
2026-04-01,Uberlândia,71.964,71.964
2026-04-02,Uberlândia,72.961,72.961
2026-04-03,Uberlândia,68.549,68.549
2026-04-04,Uberlândia,60.383,60.383
2026-04-05,Uberlândia,57.196,57.196
2026-04-06,Uberlândia,80.352,80.352
2026-04-07,Uberlândia,71.068,71.068
2026-04-08,Uberlândia,68.602,68.602
2026-04-09,Uberlândia,67.876,67.876
2026-04-10,Uberlândia,66.395,66.395
2026-04-11,Uberlândia,58.423,58.423
2026-04-12,Uberlândia,53.626,53.626
2026-04-13,Uberlândia,78.598,78.598
2026-04-14,Uberlândia,73.729,73.729
2026-04-15,Uberlândia,69.625,69.625
2026-04-16,Uberlândia,67.629,67.629
2026-04-17,Uberlândia,66.583,66.583
2026-04-18,Uberlândia,60.357,60.357
2026-04-19,Uberlândia,58.522,58.522
2026-04-20,Uberlândia,87.721,87.721
2026-04-21,Uberlândia,82.768,82.768
2026-04-22,Uberlândia,72.327,72.327
2026-04-23,Uberlândia,71.554,71.554
2026-04-24,Uberlândia,66.588,66.588
2026-04-25,Uberlândia,60.746,60.746
2026-04-26,Uberlândia,57.681,57.681
2026-04-27,Uberlândia,81.058,81.058
2026-04-28,Uberlândia,75.228,75.228
2026-04-29,Uberlândia,73.369,73.369
2026-04-30,Uberlândia,71.247,71.247
2026-05-01,Uberlândia,67.872,67.872
2026-05-02,Uberlândia,62.498,62.498
2026-05-03,Uberlândia,58.646,58.646
2026-05-04,Uberlândia,83.666,83.666
2026-05-05,Uberlândia,80.744,80.744
2026-05-06,Uberlândia,80.315,80.315
2026-05-07,Uberlândia,75.055,75.055
2026-05-08,Uberlândia,72.553,72.553
2026-05-09,Uberlândia,65.102,65.102
2026-05-10,Uberlândia,61.456,61.456
2026-05-11,Uberlândia,85.252,85.252
2026-05-12,Uberlândia,82.412,82.412
2026-05-13,Uberlândia,78.68,78.68
2026-05-14,Uberlândia,75.279,75.279
2026-05-15,Uberlândia,73.226,73.226
2026-05-16,Uberlândia,65.134,65.134
2026-05-17,Uberlândia,60.581,60.581
2026-05-18,Uberlândia,83.468,83.468
2026-05-19,Uberlândia,77.955,77.955
2026-05-20,Uberlândia,80.013,80.013
2026-05-21,Uberlândia,77.18,77.18
2026-05-22,Uberlândia,70.649,70.649
2026-05-23,Uberlândia,64.14,64.14
2026-05-24,Uberlândia,60.605,60.605
2026-05-25,Uberlândia,86.783,86.783
2026-05-26,Uberlândia,81.361,81.361
2026-05-27,Uberlândia,76.952,76.952
2026-05-28,Uberlândia,73.61,73.61
2026-05-29,Uberlândia,71.876,71.876
2026-05-30,Uberlândia,63.183,63.183
2026-05-31,Uberlândia,59.993,59.993
2026-01-05,Sorocaba,74.842,74.842
2026-01-06,Sorocaba,68.987,68.987
2026-01-07,Sorocaba,64.215,64.215
2026-01-08,Sorocaba,62.555,62.555
2026-01-09,Sorocaba,57.668,57.668
2026-01-10,Sorocaba,49.502,49.502
2026-01-11,Sorocaba,44.783,44.783
2026-01-12,Sorocaba,72.442,72.442
2026-01-13,Sorocaba,67.819,67.819
2026-01-14,Sorocaba,64.611,64.611
2026-01-15,Sorocaba,64.101,64.101
2026-01-16,Sorocaba,59.369,59.369
2026-01-17,Sorocaba,51.222,51.222
2026-01-18,Sorocaba,48.497,48.497
2026-01-19,Sorocaba,72.994,72.994
2026-01-20,Sorocaba,69.959,69.959
2026-01-21,Sorocaba,67.867,67.867
2026-01-22,Sorocaba,62.217,62.217
2026-01-23,Sorocaba,60.32,60.32
2026-01-24,Sorocaba,50.952,50.952
2026-01-25,Sorocaba,46.504,46.504
2026-01-26,Sorocaba,70.249,70.249
2026-01-27,Sorocaba,66.907,66.907
2026-01-28,Sorocaba,65.568,65.568
2026-01-29,Sorocaba,63.916,63.916
2026-01-30,Sorocaba,61.28,61.28
2026-01-31,Sorocaba,51.584,51.584
2026-02-01,Sorocaba,45.874,45.874
2026-02-02,Sorocaba,70.415,70.415
2026-02-03,Sorocaba,64.967,64.967
2026-02-04,Sorocaba,63.92,63.92
2026-02-05,Sorocaba,66.723,66.723
2026-02-06,Sorocaba,62.31,62.31
2026-02-07,Sorocaba,49.752,49.752
2026-02-08,Sorocaba,46.619,46.619
2026-02-09,Sorocaba,72.816,72.816
2026-02-10,Sorocaba,69.617,69.617
2026-02-11,Sorocaba,67.63,67.63
2026-02-12,Sorocaba,65.216,65.216
2026-02-13,Sorocaba,62.228,62.228
2026-02-14,Sorocaba,37.228,37.228
2026-02-15,Sorocaba,33.705,33.705
2026-02-16,Sorocaba,51.223,51.223
2026-02-17,Sorocaba,49.224,49.224
2026-02-18,Sorocaba,65.765,65.765
2026-02-19,Sorocaba,62.957,62.957
2026-02-20,Sorocaba,66.209,66.209
2026-02-21,Sorocaba,58.383,58.383
2026-02-22,Sorocaba,48.633,48.633
2026-02-23,Sorocaba,77.281,77.281
2026-02-24,Sorocaba,72.885,72.885
2026-02-25,Sorocaba,70.158,70.158
2026-02-26,Sorocaba,67.564,67.564
2026-02-27,Sorocaba,63.634,63.634
2026-02-28,Sorocaba,54.393,54.393
2026-03-01,Sorocaba,52.314,52.314
2026-03-02,Sorocaba,80.689,80.689
2026-03-03,Sorocaba,77.313,77.313
2026-03-04,Sorocaba,72.448,72.448
2026-03-05,Sorocaba,73.384,73.384
2026-03-06,Sorocaba,70.136,70.136
2026-03-07,Sorocaba,54.99,54.99
2026-03-08,Sorocaba,50.348,50.348
2026-03-09,Sorocaba,74.527,74.527
2026-03-10,Sorocaba,68.442,68.442
2026-03-11,Sorocaba,66.002,66.002
2026-03-12,Sorocaba,63.2,63.2
2026-03-13,Sorocaba,58.259,58.259
2026-03-14,Sorocaba,51.815,51.815
2026-03-15,Sorocaba,50.272,50.272
2026-03-16,Sorocaba,78.548,78.548
2026-03-17,Sorocaba,73.493,73.493
2026-03-18,Sorocaba,69.707,69.707
2026-03-19,Sorocaba,68.165,68.165
2026-03-20,Sorocaba,70.69,70.69
2026-03-21,Sorocaba,60.958,60.958
2026-03-22,Sorocaba,52.081,52.081
2026-03-23,Sorocaba,79.0,79.0
2026-03-24,Sorocaba,75.001,75.001
2026-03-25,Sorocaba,71.313,71.313
2026-03-26,Sorocaba,70.158,70.158
2026-03-27,Sorocaba,69.073,69.073
2026-03-28,Sorocaba,60.139,60.139
2026-03-29,Sorocaba,54.884,54.884
2026-03-30,Sorocaba,83.933,83.933
2026-03-31,Sorocaba,77.166,77.166
2026-04-01,Sorocaba,75.365,75.365
2026-04-02,Sorocaba,73.412,73.412
2026-04-03,Sorocaba,73.142,73.142
2026-04-04,Sorocaba,60.776,60.776
2026-04-05,Sorocaba,57.504,57.504
2026-04-06,Sorocaba,87.646,87.646
2026-04-07,Sorocaba,76.075,76.075
2026-04-08,Sorocaba,74.62,74.62
2026-04-09,Sorocaba,69.395,69.395
2026-04-10,Sorocaba,66.293,66.293
2026-04-11,Sorocaba,57.048,57.048
2026-04-12,Sorocaba,51.749,51.749
2026-04-13,Sorocaba,78.604,78.604
2026-04-14,Sorocaba,74.15,74.15
2026-04-15,Sorocaba,71.29,71.29
2026-04-16,Sorocaba,70.7,70.7
2026-04-17,Sorocaba,68.488,68.488
2026-04-18,Sorocaba,58.717,58.717
2026-04-19,Sorocaba,52.923,52.923
2026-04-20,Sorocaba,86.942,86.942
2026-04-21,Sorocaba,81.674,81.674
2026-04-22,Sorocaba,70.66,70.66
2026-04-23,Sorocaba,66.984,66.984
2026-04-24,Sorocaba,62.771,62.771
2026-04-25,Sorocaba,55.07,55.07
2026-04-26,Sorocaba,50.481,50.481
2026-04-27,Sorocaba,77.014,77.014
2026-04-28,Sorocaba,71.516,71.516
2026-04-29,Sorocaba,67.557,67.557
2026-04-30,Sorocaba,66.816,66.816
2026-05-01,Sorocaba,63.503,63.503
2026-05-02,Sorocaba,54.35,54.35
2026-05-03,Sorocaba,51.062,51.062
2026-05-04,Sorocaba,75.811,77.488
2026-05-05,Sorocaba,74.943,77.892
2026-05-06,Sorocaba,73.641,77.527
2026-05-07,Sorocaba,64.676,68.764
2026-05-08,Sorocaba,63.831,68.385
2026-05-09,Sorocaba,56.952,61.376
2026-05-10,Sorocaba,52.101,56.406
2026-05-11,Sorocaba,80.496,87.456
2026-05-12,Sorocaba,77.725,84.678
2026-05-13,Sorocaba,73.974,80.764
2026-05-14,Sorocaba,72.094,78.843
2026-05-15,Sorocaba,66.906,73.264
2026-05-16,Sorocaba,56.349,61.766
2026-05-17,Sorocaba,51.646,56.655
2026-05-18,Sorocaba,79.387,87.138
2026-05-19,Sorocaba,75.635,83.06
2026-05-20,Sorocaba,75.336,82.762
2026-05-21,Sorocaba,71.713,78.805
2026-05-22,Sorocaba,63.321,69.598
2026-05-23,Sorocaba,55.68,61.211
2026-05-24,Sorocaba,53.742,59.088
2026-05-25,Sorocaba,82.788,91.033
2026-05-26,Sorocaba,76.501,84.127
2026-05-27,Sorocaba,72.996,80.277
2026-05-28,Sorocaba,70.093,77.089
2026-05-29,Sorocaba,65.829,72.402
2026-05-30,Sorocaba,56.028,61.625
2026-05-31,Sorocaba,53.324,58.652
2026-01-05,Cuiabá,86.683,86.683
2026-01-06,Cuiabá,78.674,78.674
2026-01-07,Cuiabá,70.344,70.344
2026-01-08,Cuiabá,70.967,70.967
2026-01-09,Cuiabá,66.227,66.227
2026-01-10,Cuiabá,56.364,56.364
2026-01-11,Cuiabá,51.216,51.216
2026-01-12,Cuiabá,78.477,78.477
2026-01-13,Cuiabá,74.381,74.381
2026-01-14,Cuiabá,68.217,68.217
2026-01-15,Cuiabá,66.261,66.261
2026-01-16,Cuiabá,65.41,65.41
2026-01-17,Cuiabá,57.187,57.187
2026-01-18,Cuiabá,53.121,53.121
2026-01-19,Cuiabá,80.187,80.187
2026-01-20,Cuiabá,80.355,80.355
2026-01-21,Cuiabá,80.16,80.16
2026-01-22,Cuiabá,72.675,72.675
2026-01-23,Cuiabá,69.692,69.692
2026-01-24,Cuiabá,61.915,61.915
2026-01-25,Cuiabá,56.672,56.672
2026-01-26,Cuiabá,84.456,84.456
2026-01-27,Cuiabá,80.337,80.337
2026-01-28,Cuiabá,76.502,76.502
2026-01-29,Cuiabá,74.046,74.046
2026-01-30,Cuiabá,72.663,72.663
2026-01-31,Cuiabá,63.826,63.826
2026-02-01,Cuiabá,55.404,55.404
2026-02-02,Cuiabá,85.083,85.083
2026-02-03,Cuiabá,80.004,80.004
2026-02-04,Cuiabá,78.335,78.335
2026-02-05,Cuiabá,81.574,81.574
2026-02-06,Cuiabá,78.517,78.517
2026-02-07,Cuiabá,63.576,63.576
2026-02-08,Cuiabá,58.381,58.381
2026-02-09,Cuiabá,87.658,87.658
2026-02-10,Cuiabá,80.021,80.021
2026-02-11,Cuiabá,80.339,80.339
2026-02-12,Cuiabá,76.791,76.791
2026-02-13,Cuiabá,73.785,73.785
2026-02-14,Cuiabá,43.48,43.48
2026-02-15,Cuiabá,39.914,39.914
2026-02-16,Cuiabá,59.209,59.209
2026-02-17,Cuiabá,54.927,54.927
2026-02-18,Cuiabá,76.613,76.613
2026-02-19,Cuiabá,75.185,75.185
2026-02-20,Cuiabá,78.764,78.764
2026-02-21,Cuiabá,66.638,66.638
2026-02-22,Cuiabá,58.533,58.533
2026-02-23,Cuiabá,86.831,86.831
2026-02-24,Cuiabá,84.264,84.264
2026-02-25,Cuiabá,82.616,82.616
2026-02-26,Cuiabá,80.7,80.7
2026-02-27,Cuiabá,73.983,73.983
2026-02-28,Cuiabá,63.922,63.922
2026-03-01,Cuiabá,58.276,58.276
2026-03-02,Cuiabá,86.919,86.919
2026-03-03,Cuiabá,83.104,83.104
2026-03-04,Cuiabá,76.593,76.593
2026-03-05,Cuiabá,82.383,82.383
2026-03-06,Cuiabá,77.494,77.494
2026-03-07,Cuiabá,62.838,62.838
2026-03-08,Cuiabá,57.899,57.899
2026-03-09,Cuiabá,88.847,88.847
2026-03-10,Cuiabá,82.744,82.744
2026-03-11,Cuiabá,76.858,76.858
2026-03-12,Cuiabá,74.847,74.847
2026-03-13,Cuiabá,72.334,72.334
2026-03-14,Cuiabá,63.217,63.217
2026-03-15,Cuiabá,57.33,57.33
2026-03-16,Cuiabá,87.467,87.467
2026-03-17,Cuiabá,79.206,79.206
2026-03-18,Cuiabá,74.634,74.634
2026-03-19,Cuiabá,73.036,73.036
2026-03-20,Cuiabá,76.104,76.104
2026-03-21,Cuiabá,66.031,66.031
2026-03-22,Cuiabá,56.666,56.666
2026-03-23,Cuiabá,90.119,90.119
2026-03-24,Cuiabá,85.571,85.571
2026-03-25,Cuiabá,83.123,83.123
2026-03-26,Cuiabá,80.429,80.429
2026-03-27,Cuiabá,76.036,76.036
2026-03-28,Cuiabá,63.679,63.679
2026-03-29,Cuiabá,60.878,60.878
2026-03-30,Cuiabá,91.969,91.969
2026-03-31,Cuiabá,84.881,84.881
2026-04-01,Cuiabá,81.956,81.956
2026-04-02,Cuiabá,80.003,80.003
2026-04-03,Cuiabá,74.398,74.398
2026-04-04,Cuiabá,65.02,65.02
2026-04-05,Cuiabá,62.302,62.302
2026-04-06,Cuiabá,96.876,96.876
2026-04-07,Cuiabá,85.246,85.246
2026-04-08,Cuiabá,77.959,77.959
2026-04-09,Cuiabá,73.404,73.404
2026-04-10,Cuiabá,70.288,70.288
2026-04-11,Cuiabá,60.777,60.777
2026-04-12,Cuiabá,54.1,54.1
2026-04-13,Cuiabá,84.385,84.385
2026-04-14,Cuiabá,79.882,79.882
2026-04-15,Cuiabá,77.087,77.087
2026-04-16,Cuiabá,74.757,74.757
2026-04-17,Cuiabá,72.907,72.907
2026-04-18,Cuiabá,63.437,63.437
2026-04-19,Cuiabá,58.231,58.231
2026-04-20,Cuiabá,95.573,95.573
2026-04-21,Cuiabá,87.11,87.11
2026-04-22,Cuiabá,79.973,79.973
2026-04-23,Cuiabá,77.884,77.884
2026-04-24,Cuiabá,75.405,75.405
2026-04-25,Cuiabá,64.673,64.673
2026-04-26,Cuiabá,58.357,58.357
2026-04-27,Cuiabá,86.675,86.675
2026-04-28,Cuiabá,81.303,81.303
2026-04-29,Cuiabá,78.187,78.187
2026-04-30,Cuiabá,75.473,75.473
2026-05-01,Cuiabá,69.949,69.949
2026-05-02,Cuiabá,59.275,59.275
2026-05-03,Cuiabá,54.93,54.93
2026-05-04,Cuiabá,81.597,81.597
2026-05-05,Cuiabá,81.083,81.083
2026-05-06,Cuiabá,81.469,81.469
2026-05-07,Cuiabá,73.95,73.95
2026-05-08,Cuiabá,73.402,73.402
2026-05-09,Cuiabá,64.233,64.233
2026-05-10,Cuiabá,60.257,60.257
2026-05-11,Cuiabá,91.853,91.853
2026-05-12,Cuiabá,84.084,84.084
2026-05-13,Cuiabá,82.718,82.718
2026-05-14,Cuiabá,78.814,78.814
2026-05-15,Cuiabá,75.786,75.786
2026-05-16,Cuiabá,63.683,63.683
2026-05-17,Cuiabá,58.367,58.367
2026-05-18,Cuiabá,86.86,86.86
2026-05-19,Cuiabá,83.74,83.74
2026-05-20,Cuiabá,87.059,87.059
2026-05-21,Cuiabá,83.895,83.895
2026-05-22,Cuiabá,77.279,77.279
2026-05-23,Cuiabá,68.567,68.567
2026-05-24,Cuiabá,64.929,64.929
2026-05-25,Cuiabá,95.153,95.153
2026-05-26,Cuiabá,86.302,86.302
2026-05-27,Cuiabá,80.86,80.86
2026-05-28,Cuiabá,79.255,79.255
2026-05-29,Cuiabá,75.326,75.326
2026-05-30,Cuiabá,63.284,63.284
2026-05-31,Cuiabá,57.846,57.846
2026-01-05,Aracaju,67.91,67.91
2026-01-06,Aracaju,62.344,62.344
2026-01-07,Aracaju,57.115,57.115
2026-01-08,Aracaju,56.502,56.502
2026-01-09,Aracaju,55.766,55.766
2026-01-10,Aracaju,50.146,50.146
2026-01-11,Aracaju,45.904,45.904
2026-01-12,Aracaju,65.255,65.255
2026-01-13,Aracaju,60.535,60.535
2026-01-14,Aracaju,56.819,56.819
2026-01-15,Aracaju,56.45,56.45
2026-01-16,Aracaju,52.582,52.582
2026-01-17,Aracaju,46.837,46.837
2026-01-18,Aracaju,43.423,43.423
2026-01-19,Aracaju,63.633,63.633
2026-01-20,Aracaju,64.278,64.278
2026-01-21,Aracaju,62.862,62.862
2026-01-22,Aracaju,56.995,56.995
2026-01-23,Aracaju,57.057,57.057
2026-01-24,Aracaju,50.101,50.101
2026-01-25,Aracaju,45.963,45.963
2026-01-26,Aracaju,64.992,64.992
2026-01-27,Aracaju,60.762,60.762
2026-01-28,Aracaju,58.753,58.753
2026-01-29,Aracaju,56.984,56.984
2026-01-30,Aracaju,56.301,56.301
2026-01-31,Aracaju,48.945,48.945
2026-02-01,Aracaju,45.269,45.269
2026-02-02,Aracaju,64.004,64.004
2026-02-03,Aracaju,62.205,62.205
2026-02-04,Aracaju,61.718,61.718
2026-02-05,Aracaju,63.387,63.387
2026-02-06,Aracaju,62.095,62.095
2026-02-07,Aracaju,50.338,50.338
2026-02-08,Aracaju,47.731,47.731
2026-02-09,Aracaju,69.128,69.128
2026-02-10,Aracaju,65.539,65.539
2026-02-11,Aracaju,62.08,62.08
2026-02-12,Aracaju,63.123,63.123
2026-02-13,Aracaju,58.933,58.933
2026-02-14,Aracaju,36.793,36.793
2026-02-15,Aracaju,34.454,34.454
2026-02-16,Aracaju,50.454,50.454
2026-02-17,Aracaju,48.823,48.823
2026-02-18,Aracaju,65.788,65.788
2026-02-19,Aracaju,64.439,64.439
2026-02-20,Aracaju,66.35,66.35
2026-02-21,Aracaju,57.871,57.871
2026-02-22,Aracaju,50.671,50.671
2026-02-23,Aracaju,72.665,72.665
2026-02-24,Aracaju,68.376,68.376
2026-02-25,Aracaju,66.097,66.097
2026-02-26,Aracaju,64.422,64.422
2026-02-27,Aracaju,61.854,61.854
2026-02-28,Aracaju,54.317,54.317
2026-03-01,Aracaju,49.713,49.713
2026-03-02,Aracaju,72.6,72.6
2026-03-03,Aracaju,68.184,68.184
2026-03-04,Aracaju,64.665,64.665
2026-03-05,Aracaju,66.87,66.87
2026-03-06,Aracaju,64.546,64.546
2026-03-07,Aracaju,51.703,51.703
2026-03-08,Aracaju,48.073,48.073
2026-03-09,Aracaju,68.211,68.211
2026-03-10,Aracaju,65.149,65.149
2026-03-11,Aracaju,60.954,60.954
2026-03-12,Aracaju,57.642,57.642
2026-03-13,Aracaju,53.44,53.44
2026-03-14,Aracaju,49.529,49.529
2026-03-15,Aracaju,46.276,46.276
2026-03-16,Aracaju,64.14,64.14
2026-03-17,Aracaju,62.631,62.631
2026-03-18,Aracaju,58.362,58.362
2026-03-19,Aracaju,58.25,58.25
2026-03-20,Aracaju,59.737,59.737
2026-03-21,Aracaju,55.226,55.226
2026-03-22,Aracaju,49.054,49.054
2026-03-23,Aracaju,69.019,69.019
2026-03-24,Aracaju,65.144,65.144
2026-03-25,Aracaju,63.288,63.288
2026-03-26,Aracaju,62.007,62.007
2026-03-27,Aracaju,60.106,60.106
2026-03-28,Aracaju,54.092,54.092
2026-03-29,Aracaju,49.14,49.14
2026-03-30,Aracaju,70.578,70.578
2026-03-31,Aracaju,68.167,68.167
2026-04-01,Aracaju,67.058,67.058
2026-04-02,Aracaju,64.418,64.418
2026-04-03,Aracaju,62.259,62.259
2026-04-04,Aracaju,53.541,53.541
2026-04-05,Aracaju,52.723,52.723
2026-04-06,Aracaju,76.863,76.863
2026-04-07,Aracaju,67.644,67.644
2026-04-08,Aracaju,64.855,64.855
2026-04-09,Aracaju,63.463,63.463
2026-04-10,Aracaju,59.348,59.348
2026-04-11,Aracaju,51.473,51.473
2026-04-12,Aracaju,48.212,48.212
2026-04-13,Aracaju,67.938,67.938
2026-04-14,Aracaju,66.618,66.618
2026-04-15,Aracaju,63.802,63.802
2026-04-16,Aracaju,62.334,62.334
2026-04-17,Aracaju,60.838,60.838
2026-04-18,Aracaju,52.189,52.189
2026-04-19,Aracaju,48.455,48.455
2026-04-20,Aracaju,74.34,74.34
2026-04-21,Aracaju,68.808,68.808
2026-04-22,Aracaju,62.291,62.291
2026-04-23,Aracaju,59.869,59.869
2026-04-24,Aracaju,57.471,57.471
2026-04-25,Aracaju,52.564,52.564
2026-04-26,Aracaju,49.477,49.477
2026-04-27,Aracaju,68.138,68.138
2026-04-28,Aracaju,63.437,63.437
2026-04-29,Aracaju,62.256,62.256
2026-04-30,Aracaju,61.496,61.496
2026-05-01,Aracaju,56.387,56.387
2026-05-02,Aracaju,51.443,51.443
2026-05-03,Aracaju,48.353,48.353
2026-05-04,Aracaju,67.547,67.547
2026-05-05,Aracaju,69.051,69.051
2026-05-06,Aracaju,65.565,65.565
2026-05-07,Aracaju,59.194,59.194
2026-05-08,Aracaju,58.28,58.28
2026-05-09,Aracaju,53.932,53.932
2026-05-10,Aracaju,51.452,51.452
2026-05-11,Aracaju,74.76,74.76
2026-05-12,Aracaju,71.016,71.016
2026-05-13,Aracaju,68.644,68.644
2026-05-14,Aracaju,64.064,64.064
2026-05-15,Aracaju,62.289,62.289
2026-05-16,Aracaju,53.961,53.961
2026-05-17,Aracaju,50.062,50.062
2026-05-18,Aracaju,70.946,70.946
2026-05-19,Aracaju,67.424,67.424
2026-05-20,Aracaju,68.66,68.66
2026-05-21,Aracaju,63.315,63.315
2026-05-22,Aracaju,57.12,57.12
2026-05-23,Aracaju,52.829,52.829
2026-05-24,Aracaju,51.141,51.141
2026-05-25,Aracaju,72.94,72.94
2026-05-26,Aracaju,71.11,71.11
2026-05-27,Aracaju,66.506,66.506
2026-05-28,Aracaju,64.535,64.535
2026-05-29,Aracaju,62.644,62.644
2026-05-30,Aracaju,55.114,55.114
2026-05-31,Aracaju,50.426,50.426
2026-01-05,Joinville,62.893,62.893
2026-01-06,Joinville,59.836,59.836
2026-01-07,Joinville,53.755,53.755
2026-01-08,Joinville,53.039,53.039
2026-01-09,Joinville,50.312,50.312
2026-01-10,Joinville,44.769,44.769
2026-01-11,Joinville,41.228,41.228
2026-01-12,Joinville,61.211,61.211
2026-01-13,Joinville,57.177,57.177
2026-01-14,Joinville,54.843,54.843
2026-01-15,Joinville,51.897,51.897
2026-01-16,Joinville,49.909,49.909
2026-01-17,Joinville,44.086,44.086
2026-01-18,Joinville,41.489,41.489
2026-01-19,Joinville,61.307,61.307
2026-01-20,Joinville,61.433,61.433
2026-01-21,Joinville,60.594,60.594
2026-01-22,Joinville,55.312,55.312
2026-01-23,Joinville,52.317,52.317
2026-01-24,Joinville,45.587,45.587
2026-01-25,Joinville,42.81,42.81
2026-01-26,Joinville,64.334,64.334
2026-01-27,Joinville,60.79,60.79
2026-01-28,Joinville,58.721,58.721
2026-01-29,Joinville,56.93,56.93
2026-01-30,Joinville,54.889,54.889
2026-01-31,Joinville,47.342,47.342
2026-02-01,Joinville,43.959,43.959
2026-02-02,Joinville,63.465,63.465
2026-02-03,Joinville,61.368,61.368
2026-02-04,Joinville,58.603,58.603
2026-02-05,Joinville,60.179,60.179
2026-02-06,Joinville,57.69,57.69
2026-02-07,Joinville,48.861,48.861
2026-02-08,Joinville,44.714,44.714
2026-02-09,Joinville,64.115,64.115
2026-02-10,Joinville,59.71,59.71
2026-02-11,Joinville,58.456,58.456
2026-02-12,Joinville,52.785,52.785
2026-02-13,Joinville,50.731,50.731
2026-02-14,Joinville,33.511,33.511
2026-02-15,Joinville,31.63,31.63
2026-02-16,Joinville,45.278,45.278
2026-02-17,Joinville,43.086,43.086
2026-02-18,Joinville,59.027,59.027
2026-02-19,Joinville,58.073,58.073
2026-02-20,Joinville,60.963,60.963
2026-02-21,Joinville,53.651,53.651
2026-02-22,Joinville,45.728,45.728
2026-02-23,Joinville,67.208,67.208
2026-02-24,Joinville,62.301,62.301
2026-02-25,Joinville,58.713,58.713
2026-02-26,Joinville,55.446,55.446
2026-02-27,Joinville,52.063,52.063
2026-02-28,Joinville,45.121,45.121
2026-03-01,Joinville,41.095,41.095
2026-03-02,Joinville,61.363,61.363
2026-03-03,Joinville,57.483,57.483
2026-03-04,Joinville,51.939,51.939
2026-03-05,Joinville,54.04,54.04
2026-03-06,Joinville,51.397,51.397
2026-03-07,Joinville,41.908,41.908
2026-03-08,Joinville,40.728,40.728
2026-03-09,Joinville,60.329,60.329
2026-03-10,Joinville,57.832,57.832
2026-03-11,Joinville,56.165,56.165
2026-03-12,Joinville,55.098,55.098
2026-03-13,Joinville,52.55,52.55
2026-03-14,Joinville,46.972,46.972
2026-03-15,Joinville,43.005,43.005
2026-03-16,Joinville,62.988,62.988
2026-03-17,Joinville,58.571,58.571
2026-03-18,Joinville,55.484,55.484
2026-03-19,Joinville,55.495,55.495
2026-03-20,Joinville,58.145,58.145
2026-03-21,Joinville,51.322,51.322
2026-03-22,Joinville,44.363,44.363
2026-03-23,Joinville,64.688,64.688
2026-03-24,Joinville,60.259,60.259
2026-03-25,Joinville,58.178,58.178
2026-03-26,Joinville,56.008,56.008
2026-03-27,Joinville,52.519,52.519
2026-03-28,Joinville,45.073,45.073
2026-03-29,Joinville,41.579,41.579
2026-03-30,Joinville,61.733,61.733
2026-03-31,Joinville,58.277,58.277
2026-04-01,Joinville,58.698,58.698
2026-04-02,Joinville,57.967,57.967
2026-04-03,Joinville,57.007,57.007
2026-04-04,Joinville,50.162,50.162
2026-04-05,Joinville,51.042,51.042
2026-04-06,Joinville,74.234,74.234
2026-04-07,Joinville,61.354,61.354
2026-04-08,Joinville,57.569,57.569
2026-04-09,Joinville,55.241,55.241
2026-04-10,Joinville,52.826,52.826
2026-04-11,Joinville,46.397,46.397
2026-04-12,Joinville,43.747,43.747
2026-04-13,Joinville,65.585,65.585
2026-04-14,Joinville,60.942,60.942
2026-04-15,Joinville,57.471,57.471
2026-04-16,Joinville,55.771,55.771
2026-04-17,Joinville,54.503,54.503
2026-04-18,Joinville,47.926,47.926
2026-04-19,Joinville,43.286,43.286
2026-04-20,Joinville,67.003,67.003
2026-04-21,Joinville,62.215,62.215
2026-04-22,Joinville,55.972,55.972
2026-04-23,Joinville,54.389,54.389
2026-04-24,Joinville,50.394,50.394
2026-04-25,Joinville,45.336,45.336
2026-04-26,Joinville,41.886,41.886
2026-04-27,Joinville,64.121,64.121
2026-04-28,Joinville,60.407,60.407
2026-04-29,Joinville,58.468,58.468
2026-04-30,Joinville,55.93,55.93
2026-05-01,Joinville,55.008,55.008
2026-05-02,Joinville,48.905,48.905
2026-05-03,Joinville,45.895,45.895
2026-05-04,Joinville,67.668,67.668
2026-05-05,Joinville,68.778,68.778
2026-05-06,Joinville,65.496,65.496
2026-05-07,Joinville,60.424,60.424
2026-05-08,Joinville,57.442,57.442
2026-05-09,Joinville,48.921,48.921
2026-05-10,Joinville,45.596,45.596
2026-05-11,Joinville,68.8,68.8
2026-05-12,Joinville,65.177,65.177
2026-05-13,Joinville,61.615,61.615
2026-05-14,Joinville,59.153,59.153
2026-05-15,Joinville,55.141,55.141
2026-05-16,Joinville,47.97,47.97
2026-05-17,Joinville,44.886,44.886
2026-05-18,Joinville,65.367,65.367
2026-05-19,Joinville,62.09,62.09
2026-05-20,Joinville,62.75,62.75
2026-05-21,Joinville,59.701,59.701
2026-05-22,Joinville,55.309,55.309
2026-05-23,Joinville,49.612,49.612
2026-05-24,Joinville,46.252,46.252
2026-05-25,Joinville,68.716,68.716
2026-05-26,Joinville,63.993,63.993
2026-05-27,Joinville,58.03,58.03
2026-05-28,Joinville,55.798,55.798
2026-05-29,Joinville,52.734,52.734
2026-05-30,Joinville,45.537,45.537
2026-05-31,Joinville,42.56,42.56
2026-01-05,Londrina,60.958,60.958
2026-01-06,Londrina,56.532,56.532
2026-01-07,Londrina,51.923,51.923
2026-01-08,Londrina,50.516,50.516
2026-01-09,Londrina,48.155,48.155
2026-01-10,Londrina,42.537,42.537
2026-01-11,Londrina,41.756,41.756
2026-01-12,Londrina,56.357,56.357
2026-01-13,Londrina,52.579,52.579
2026-01-14,Londrina,49.776,49.776
2026-01-15,Londrina,48.645,48.645
2026-01-16,Londrina,48.557,48.557
2026-01-17,Londrina,43.671,43.671
2026-01-18,Londrina,40.417,40.417
2026-01-19,Londrina,56.813,56.813
2026-01-20,Londrina,57.915,57.915
2026-01-21,Londrina,56.824,56.824
2026-01-22,Londrina,51.541,51.541
2026-01-23,Londrina,49.575,49.575
2026-01-24,Londrina,44.123,44.123
2026-01-25,Londrina,41.758,41.758
2026-01-26,Londrina,56.944,56.944
2026-01-27,Londrina,53.193,53.193
2026-01-28,Londrina,50.829,50.829
2026-01-29,Londrina,51.251,51.251
2026-01-30,Londrina,50.077,50.077
2026-01-31,Londrina,44.93,44.93
2026-02-01,Londrina,41.273,41.273
2026-02-02,Londrina,60.544,60.544
2026-02-03,Londrina,57.114,57.114
2026-02-04,Londrina,56.524,56.524
2026-02-05,Londrina,59.789,59.789
2026-02-06,Londrina,56.437,56.437
2026-02-07,Londrina,46.487,46.487
2026-02-08,Londrina,43.786,43.786
2026-02-09,Londrina,64.174,64.174
2026-02-10,Londrina,60.831,60.831
2026-02-11,Londrina,59.415,59.415
2026-02-12,Londrina,57.594,57.594
2026-02-13,Londrina,56.172,56.172
2026-02-14,Londrina,34.676,34.676
2026-02-15,Londrina,33.185,33.185
2026-02-16,Londrina,44.786,44.786
2026-02-17,Londrina,44.079,44.079
2026-02-18,Londrina,60.409,60.409
2026-02-19,Londrina,55.672,55.672
2026-02-20,Londrina,56.726,56.726
2026-02-21,Londrina,51.448,51.448
2026-02-22,Londrina,44.838,44.838
2026-02-23,Londrina,63.124,63.124
2026-02-24,Londrina,59.054,59.054
2026-02-25,Londrina,55.906,55.906
2026-02-26,Londrina,54.882,54.882
2026-02-27,Londrina,53.282,53.282
2026-02-28,Londrina,47.154,47.154
2026-03-01,Londrina,45.023,45.023
2026-03-02,Londrina,62.101,62.101
2026-03-03,Londrina,59.822,59.822
2026-03-04,Londrina,57.008,57.008
2026-03-05,Londrina,58.014,58.014
2026-03-06,Londrina,53.933,53.933
2026-03-07,Londrina,44.793,44.793
2026-03-08,Londrina,43.919,43.919
2026-03-09,Londrina,62.848,62.848
2026-03-10,Londrina,57.276,57.276
2026-03-11,Londrina,52.765,52.765
2026-03-12,Londrina,53.038,53.038
2026-03-13,Londrina,51.717,51.717
2026-03-14,Londrina,48.043,48.043
2026-03-15,Londrina,44.209,44.209
2026-03-16,Londrina,61.866,61.866
2026-03-17,Londrina,58.966,58.966
2026-03-18,Londrina,56.382,56.382
2026-03-19,Londrina,54.896,54.896
2026-03-20,Londrina,57.374,57.374
2026-03-21,Londrina,52.412,52.412
2026-03-22,Londrina,45.509,45.509
2026-03-23,Londrina,64.432,64.432
2026-03-24,Londrina,60.649,60.649
2026-03-25,Londrina,57.123,57.123
2026-03-26,Londrina,57.842,57.842
2026-03-27,Londrina,54.478,54.478
2026-03-28,Londrina,48.082,48.082
2026-03-29,Londrina,44.627,44.627
2026-03-30,Londrina,62.133,62.133
2026-03-31,Londrina,59.07,59.07
2026-04-01,Londrina,56.805,56.805
2026-04-02,Londrina,55.499,55.499
2026-04-03,Londrina,53.999,53.999
2026-04-04,Londrina,45.922,45.922
2026-04-05,Londrina,47.877,47.877
2026-04-06,Londrina,68.009,68.009
2026-04-07,Londrina,60.416,60.416
2026-04-08,Londrina,55.953,55.953
2026-04-09,Londrina,52.986,52.986
2026-04-10,Londrina,50.392,50.392
2026-04-11,Londrina,46.209,46.209
2026-04-12,Londrina,42.571,42.571
2026-04-13,Londrina,61.699,61.699
2026-04-14,Londrina,56.51,56.51
2026-04-15,Londrina,54.449,54.449
2026-04-16,Londrina,54.146,54.146
2026-04-17,Londrina,52.998,52.998
2026-04-18,Londrina,45.813,45.813
2026-04-19,Londrina,41.578,41.578
2026-04-20,Londrina,60.459,60.459
2026-04-21,Londrina,56.704,56.704
2026-04-22,Londrina,51.705,51.705
2026-04-23,Londrina,50.594,50.594
2026-04-24,Londrina,48.197,48.197
2026-04-25,Londrina,42.862,42.862
2026-04-26,Londrina,40.05,40.05
2026-04-27,Londrina,59.126,59.126
2026-04-28,Londrina,56.636,56.636
2026-04-29,Londrina,55.351,55.351
2026-04-30,Londrina,53.192,53.192
2026-05-01,Londrina,51.544,51.544
2026-05-02,Londrina,45.7,45.7
2026-05-03,Londrina,43.19,43.19
2026-05-04,Londrina,62.529,62.529
2026-05-05,Londrina,64.268,64.268
2026-05-06,Londrina,62.612,62.612
2026-05-07,Londrina,56.632,56.632
2026-05-08,Londrina,55.039,55.039
2026-05-09,Londrina,49.169,49.169
2026-05-10,Londrina,45.888,45.888
2026-05-11,Londrina,67.731,67.731
2026-05-12,Londrina,61.82,61.82
2026-05-13,Londrina,58.296,58.296
2026-05-14,Londrina,58.101,58.101
2026-05-15,Londrina,53.832,53.832
2026-05-16,Londrina,46.673,46.673
2026-05-17,Londrina,43.561,43.561
2026-05-18,Londrina,61.31,61.31
2026-05-19,Londrina,56.144,56.144
2026-05-20,Londrina,59.241,59.241
2026-05-21,Londrina,58.204,58.204
2026-05-22,Londrina,53.205,53.205
2026-05-23,Londrina,47.204,47.204
2026-05-24,Londrina,45.166,45.166
2026-05-25,Londrina,63.038,63.038
2026-05-26,Londrina,59.098,59.098
2026-05-27,Londrina,59.317,59.317
2026-05-28,Londrina,57.944,57.944
2026-05-29,Londrina,53.515,53.515
2026-05-30,Londrina,47.239,47.239
2026-05-31,Londrina,43.115,43.115
2026-01-05,Juiz de Fora,63.265,63.265
2026-01-06,Juiz de Fora,59.448,59.448
2026-01-07,Juiz de Fora,55.496,55.496
2026-01-08,Juiz de Fora,54.957,54.957
2026-01-09,Juiz de Fora,52.701,52.701
2026-01-10,Juiz de Fora,45.536,45.536
2026-01-11,Juiz de Fora,41.806,41.806
2026-01-12,Juiz de Fora,57.466,57.466
2026-01-13,Juiz de Fora,54.305,54.305
2026-01-14,Juiz de Fora,52.981,52.981
2026-01-15,Juiz de Fora,52.557,52.557
2026-01-16,Juiz de Fora,51.126,51.126
2026-01-17,Juiz de Fora,46.054,46.054
2026-01-18,Juiz de Fora,44.396,44.396
2026-01-19,Juiz de Fora,60.246,60.246
2026-01-20,Juiz de Fora,62.07,62.07
2026-01-21,Juiz de Fora,61.66,61.66
2026-01-22,Juiz de Fora,53.746,53.746
2026-01-23,Juiz de Fora,51.473,51.473
2026-01-24,Juiz de Fora,45.354,45.354
2026-01-25,Juiz de Fora,42.388,42.388
2026-01-26,Juiz de Fora,58.316,58.316
2026-01-27,Juiz de Fora,56.865,56.865
2026-01-28,Juiz de Fora,56.372,56.372
2026-01-29,Juiz de Fora,54.788,54.788
2026-01-30,Juiz de Fora,52.492,52.492
2026-01-31,Juiz de Fora,45.443,45.443
2026-02-01,Juiz de Fora,42.633,42.633
2026-02-02,Juiz de Fora,58.39,58.39
2026-02-03,Juiz de Fora,56.446,56.446
2026-02-04,Juiz de Fora,58.481,58.481
2026-02-05,Juiz de Fora,62.151,62.151
2026-02-06,Juiz de Fora,60.269,60.269
2026-02-07,Juiz de Fora,49.313,49.313
2026-02-08,Juiz de Fora,46.35,46.35
2026-02-09,Juiz de Fora,63.842,63.842
2026-02-10,Juiz de Fora,59.693,59.693
2026-02-11,Juiz de Fora,58.558,58.558
2026-02-12,Juiz de Fora,57.289,57.289
2026-02-13,Juiz de Fora,54.977,54.977
2026-02-14,Juiz de Fora,35.548,35.548
2026-02-15,Juiz de Fora,33.074,33.074
2026-02-16,Juiz de Fora,43.197,43.197
2026-02-17,Juiz de Fora,41.914,41.914
2026-02-18,Juiz de Fora,59.198,59.198
2026-02-19,Juiz de Fora,58.7,58.7
2026-02-20,Juiz de Fora,60.218,60.218
2026-02-21,Juiz de Fora,55.602,55.602
2026-02-22,Juiz de Fora,48.471,48.471
2026-02-23,Juiz de Fora,64.245,64.245
2026-02-24,Juiz de Fora,60.218,60.218
2026-02-25,Juiz de Fora,59.762,59.762
2026-02-26,Juiz de Fora,59.076,59.076
2026-02-27,Juiz de Fora,57.048,57.048
2026-02-28,Juiz de Fora,52.547,52.547
2026-03-01,Juiz de Fora,50.302,50.302
2026-03-02,Juiz de Fora,69.108,69.108
2026-03-03,Juiz de Fora,65.107,65.107
2026-03-04,Juiz de Fora,63.194,63.194
2026-03-05,Juiz de Fora,66.355,66.355
2026-03-06,Juiz de Fora,62.013,62.013
2026-03-07,Juiz de Fora,50.601,50.601
2026-03-08,Juiz de Fora,47.327,47.327
2026-03-09,Juiz de Fora,62.939,62.939
2026-03-10,Juiz de Fora,61.728,61.728
2026-03-11,Juiz de Fora,58.418,58.418
2026-03-12,Juiz de Fora,57.486,57.486
2026-03-13,Juiz de Fora,54.772,54.772
2026-03-14,Juiz de Fora,49.355,49.355
2026-03-15,Juiz de Fora,46.23,46.23
2026-03-16,Juiz de Fora,63.352,63.352
2026-03-17,Juiz de Fora,63.064,63.064
2026-03-18,Juiz de Fora,62.028,62.028
2026-03-19,Juiz de Fora,60.393,60.393
2026-03-20,Juiz de Fora,62.003,62.003
2026-03-21,Juiz de Fora,56.737,56.737
2026-03-22,Juiz de Fora,50.442,50.442
2026-03-23,Juiz de Fora,67.093,67.093
2026-03-24,Juiz de Fora,63.966,63.966
2026-03-25,Juiz de Fora,59.74,59.74
2026-03-26,Juiz de Fora,60.968,60.968
2026-03-27,Juiz de Fora,61.595,61.595
2026-03-28,Juiz de Fora,54.449,54.449
2026-03-29,Juiz de Fora,48.579,48.579
2026-03-30,Juiz de Fora,66.054,66.054
2026-03-31,Juiz de Fora,61.812,61.812
2026-04-01,Juiz de Fora,59.217,59.217
2026-04-02,Juiz de Fora,59.168,59.168
2026-04-03,Juiz de Fora,57.235,57.235
2026-04-04,Juiz de Fora,50.894,50.894
2026-04-05,Juiz de Fora,49.951,49.951
2026-04-06,Juiz de Fora,68.889,68.889
2026-04-07,Juiz de Fora,60.557,60.557
2026-04-08,Juiz de Fora,57.514,57.514
2026-04-09,Juiz de Fora,55.272,55.272
2026-04-10,Juiz de Fora,53.674,53.674
2026-04-11,Juiz de Fora,47.399,47.399
2026-04-12,Juiz de Fora,42.952,42.952
2026-04-13,Juiz de Fora,61.887,61.887
2026-04-14,Juiz de Fora,55.661,55.661
2026-04-15,Juiz de Fora,53.592,53.592
2026-04-16,Juiz de Fora,53.607,53.607
2026-04-17,Juiz de Fora,53.669,53.669
2026-04-18,Juiz de Fora,48.902,48.902
2026-04-19,Juiz de Fora,46.729,46.729
2026-04-20,Juiz de Fora,67.982,67.982
2026-04-21,Juiz de Fora,66.335,66.335
2026-04-22,Juiz de Fora,59.648,59.648
2026-04-23,Juiz de Fora,56.614,56.614
2026-04-24,Juiz de Fora,56.639,56.639
2026-04-25,Juiz de Fora,49.881,49.881
2026-04-26,Juiz de Fora,47.22,47.22
2026-04-27,Juiz de Fora,65.009,65.009
2026-04-28,Juiz de Fora,61.124,61.124
2026-04-29,Juiz de Fora,58.586,58.586
2026-04-30,Juiz de Fora,57.806,57.806
2026-05-01,Juiz de Fora,54.441,54.441
2026-05-02,Juiz de Fora,48.887,48.887
2026-05-03,Juiz de Fora,46.223,46.223
2026-05-04,Juiz de Fora,63.347,63.347
2026-05-05,Juiz de Fora,65.175,65.175
2026-05-06,Juiz de Fora,64.769,64.769
2026-05-07,Juiz de Fora,58.74,58.74
2026-05-08,Juiz de Fora,58.019,58.019
2026-05-09,Juiz de Fora,52.095,52.095
2026-05-10,Juiz de Fora,48.294,48.294
2026-05-11,Juiz de Fora,66.551,66.551
2026-05-12,Juiz de Fora,63.88,63.88
2026-05-13,Juiz de Fora,61.647,61.647
2026-05-14,Juiz de Fora,60.514,60.514
2026-05-15,Juiz de Fora,58.16,58.16
2026-05-16,Juiz de Fora,49.937,49.937
2026-05-17,Juiz de Fora,46.326,46.326
2026-05-18,Juiz de Fora,64.557,64.557
2026-05-19,Juiz de Fora,60.686,60.686
2026-05-20,Juiz de Fora,62.31,62.31
2026-05-21,Juiz de Fora,62.553,62.553
2026-05-22,Juiz de Fora,55.762,55.762
2026-05-23,Juiz de Fora,49.273,49.273
2026-05-24,Juiz de Fora,48.741,48.741
2026-05-25,Juiz de Fora,67.807,67.807
2026-05-26,Juiz de Fora,63.951,63.951
2026-05-27,Juiz de Fora,60.105,60.105
2026-05-28,Juiz de Fora,58.413,58.413
2026-05-29,Juiz de Fora,55.142,55.142
2026-05-30,Juiz de Fora,50.742,50.742
2026-05-31,Juiz de Fora,47.566,47.566
2026-01-05,Florianópolis,72.184,72.184
2026-01-06,Florianópolis,67.052,67.052
2026-01-07,Florianópolis,60.815,60.815
2026-01-08,Florianópolis,56.925,56.925
2026-01-09,Florianópolis,54.787,54.787
2026-01-10,Florianópolis,48.972,48.972
2026-01-11,Florianópolis,47.198,47.198
2026-01-12,Florianópolis,64.066,64.066
2026-01-13,Florianópolis,61.925,61.925
2026-01-14,Florianópolis,59.618,59.618
2026-01-15,Florianópolis,60.398,60.398
2026-01-16,Florianópolis,58.932,58.932
2026-01-17,Florianópolis,53.194,53.194
2026-01-18,Florianópolis,47.921,47.921
2026-01-19,Florianópolis,68.029,68.029
2026-01-20,Florianópolis,68.51,68.51
2026-01-21,Florianópolis,65.461,65.461
2026-01-22,Florianópolis,58.572,58.572
2026-01-23,Florianópolis,56.97,56.97
2026-01-24,Florianópolis,50.14,50.14
2026-01-25,Florianópolis,47.562,47.562
2026-01-26,Florianópolis,64.07,64.07
2026-01-27,Florianópolis,59.235,59.235
2026-01-28,Florianópolis,60.498,60.498
2026-01-29,Florianópolis,61.062,61.062
2026-01-30,Florianópolis,58.316,58.316
2026-01-31,Florianópolis,52.168,52.168
2026-02-01,Florianópolis,50.376,50.376
2026-02-02,Florianópolis,71.229,71.229
2026-02-03,Florianópolis,68.275,68.275
2026-02-04,Florianópolis,68.689,68.689
2026-02-05,Florianópolis,70.416,70.416
2026-02-06,Florianópolis,67.854,67.854
2026-02-07,Florianópolis,56.504,56.504
2026-02-08,Florianópolis,52.738,52.738
2026-02-09,Florianópolis,72.164,72.164
2026-02-10,Florianópolis,68.75,68.75
2026-02-11,Florianópolis,65.811,65.811
2026-02-12,Florianópolis,61.943,61.943
2026-02-13,Florianópolis,61.864,61.864
2026-02-14,Florianópolis,38.759,38.759
2026-02-15,Florianópolis,36.671,36.671
2026-02-16,Florianópolis,50.711,50.711
2026-02-17,Florianópolis,49.202,49.202
2026-02-18,Florianópolis,65.326,65.326
2026-02-19,Florianópolis,65.116,65.116
2026-02-20,Florianópolis,66.17,66.17
2026-02-21,Florianópolis,60.988,60.988
2026-02-22,Florianópolis,53.068,53.068
2026-02-23,Florianópolis,73.134,73.134
2026-02-24,Florianópolis,72.243,72.243
2026-02-25,Florianópolis,69.412,69.412
2026-02-26,Florianópolis,69.349,69.349
2026-02-27,Florianópolis,66.784,66.784
2026-02-28,Florianópolis,59.631,59.631
2026-03-01,Florianópolis,55.377,55.377
2026-03-02,Florianópolis,77.708,77.708
2026-03-03,Florianópolis,73.017,73.017
2026-03-04,Florianópolis,68.047,68.047
2026-03-05,Florianópolis,70.395,70.395
2026-03-06,Florianópolis,66.99,66.99
2026-03-07,Florianópolis,55.211,55.211
2026-03-08,Florianópolis,52.747,52.747
2026-03-09,Florianópolis,75.727,75.727
2026-03-10,Florianópolis,69.866,69.866
2026-03-11,Florianópolis,66.956,66.956
2026-03-12,Florianópolis,64.128,64.128
2026-03-13,Florianópolis,64.864,64.864
2026-03-14,Florianópolis,59.063,59.063
2026-03-15,Florianópolis,55.547,55.547
2026-03-16,Florianópolis,74.165,74.165
2026-03-17,Florianópolis,69.585,69.585
2026-03-18,Florianópolis,67.806,67.806
2026-03-19,Florianópolis,66.144,66.144
2026-03-20,Florianópolis,70.371,70.371
2026-03-21,Florianópolis,66.259,66.259
2026-03-22,Florianópolis,56.186,56.186
2026-03-23,Florianópolis,75.681,75.681
2026-03-24,Florianópolis,70.889,70.889
2026-03-25,Florianópolis,70.61,70.61
2026-03-26,Florianópolis,69.931,69.931
2026-03-27,Florianópolis,66.315,66.315
2026-03-28,Florianópolis,59.143,59.143
2026-03-29,Florianópolis,54.006,54.006
2026-03-30,Florianópolis,75.483,75.483
2026-03-31,Florianópolis,71.595,71.595
2026-04-01,Florianópolis,68.39,68.39
2026-04-02,Florianópolis,67.509,67.509
2026-04-03,Florianópolis,65.092,65.092
2026-04-04,Florianópolis,57.57,57.57
2026-04-05,Florianópolis,57.707,57.707
2026-04-06,Florianópolis,82.519,82.519
2026-04-07,Florianópolis,74.556,74.556
2026-04-08,Florianópolis,71.175,71.175
2026-04-09,Florianópolis,68.302,68.302
2026-04-10,Florianópolis,64.781,64.781
2026-04-11,Florianópolis,56.628,56.628
2026-04-12,Florianópolis,53.229,53.229
2026-04-13,Florianópolis,75.137,75.137
2026-04-14,Florianópolis,67.676,67.676
2026-04-15,Florianópolis,65.32,65.32
2026-04-16,Florianópolis,65.091,65.091
2026-04-17,Florianópolis,61.639,61.639
2026-04-18,Florianópolis,56.978,56.978
2026-04-19,Florianópolis,53.173,53.173
2026-04-20,Florianópolis,80.52,80.52
2026-04-21,Florianópolis,76.131,76.131
2026-04-22,Florianópolis,69.309,69.309
2026-04-23,Florianópolis,67.461,67.461
2026-04-24,Florianópolis,64.08,64.08
2026-04-25,Florianópolis,58.301,58.301
2026-04-26,Florianópolis,53.177,53.177
2026-04-27,Florianópolis,74.218,74.218
2026-04-28,Florianópolis,69.653,69.653
2026-04-29,Florianópolis,68.042,68.042
2026-04-30,Florianópolis,66.832,66.832
2026-05-01,Florianópolis,65.399,65.399
2026-05-02,Florianópolis,59.29,59.29
2026-05-03,Florianópolis,55.294,55.294
2026-05-04,Florianópolis,73.408,73.408
2026-05-05,Florianópolis,73.786,73.786
2026-05-06,Florianópolis,72.889,72.889
2026-05-07,Florianópolis,65.054,65.054
2026-05-08,Florianópolis,63.709,63.709
2026-05-09,Florianópolis,59.32,59.32
2026-05-10,Florianópolis,54.814,54.814
2026-05-11,Florianópolis,77.299,77.299
2026-05-12,Florianópolis,71.631,71.631
2026-05-13,Florianópolis,70.16,70.16
2026-05-14,Florianópolis,68.222,68.222
2026-05-15,Florianópolis,65.133,65.133
2026-05-16,Florianópolis,58.566,58.566
2026-05-17,Florianópolis,55.523,55.523
2026-05-18,Florianópolis,75.803,75.803
2026-05-19,Florianópolis,70.252,70.252
2026-05-20,Florianópolis,73.469,73.469
2026-05-21,Florianópolis,70.116,70.116
2026-05-22,Florianópolis,61.069,61.069
2026-05-23,Florianópolis,55.445,55.445
2026-05-24,Florianópolis,51.79,51.79
2026-05-25,Florianópolis,75.418,75.418
2026-05-26,Florianópolis,71.343,71.343
2026-05-27,Florianópolis,67.655,67.655
2026-05-28,Florianópolis,65.59,65.59
2026-05-29,Florianópolis,60.312,60.312
2026-05-30,Florianópolis,52.607,52.607
2026-05-31,Florianópolis,50.717,50.717
2026-01-05,Porto Velho,61.669,61.669
2026-01-06,Porto Velho,58.755,58.755
2026-01-07,Porto Velho,52.072,52.072
2026-01-08,Porto Velho,49.661,49.661
2026-01-09,Porto Velho,49.134,49.134
2026-01-10,Porto Velho,43.235,43.235
2026-01-11,Porto Velho,41.139,41.139
2026-01-12,Porto Velho,61.203,61.203
2026-01-13,Porto Velho,56.306,56.306
2026-01-14,Porto Velho,52.253,52.253
2026-01-15,Porto Velho,49.778,49.778
2026-01-16,Porto Velho,47.801,47.801
2026-01-17,Porto Velho,41.966,41.966
2026-01-18,Porto Velho,41.694,41.694
2026-01-19,Porto Velho,59.631,59.631
2026-01-20,Porto Velho,59.211,59.211
2026-01-21,Porto Velho,57.844,57.844
2026-01-22,Porto Velho,51.739,51.739
2026-01-23,Porto Velho,50.367,50.367
2026-01-24,Porto Velho,43.15,43.15
2026-01-25,Porto Velho,39.843,39.843
2026-01-26,Porto Velho,58.812,58.812
2026-01-27,Porto Velho,56.602,56.602
2026-01-28,Porto Velho,55.008,55.008
2026-01-29,Porto Velho,53.67,53.67
2026-01-30,Porto Velho,52.152,52.152
2026-01-31,Porto Velho,45.387,45.387
2026-02-01,Porto Velho,41.108,41.108
2026-02-02,Porto Velho,58.769,58.769
2026-02-03,Porto Velho,55.721,55.721
2026-02-04,Porto Velho,54.241,54.241
2026-02-05,Porto Velho,55.192,55.192
2026-02-06,Porto Velho,52.354,52.354
2026-02-07,Porto Velho,42.254,42.254
2026-02-08,Porto Velho,38.248,38.248
2026-02-09,Porto Velho,57.322,57.322
2026-02-10,Porto Velho,53.019,53.019
2026-02-11,Porto Velho,50.445,50.445
2026-02-12,Porto Velho,49.105,49.105
2026-02-13,Porto Velho,46.474,46.474
2026-02-14,Porto Velho,29.497,29.497
2026-02-15,Porto Velho,27.978,27.978
2026-02-16,Porto Velho,40.49,40.49
2026-02-17,Porto Velho,38.757,38.757
2026-02-18,Porto Velho,53.742,53.742
2026-02-19,Porto Velho,50.847,50.847
2026-02-20,Porto Velho,52.835,52.835
2026-02-21,Porto Velho,48.982,48.982
2026-02-22,Porto Velho,43.222,43.222
2026-02-23,Porto Velho,62.848,62.848
2026-02-24,Porto Velho,60.312,60.312
2026-02-25,Porto Velho,55.904,55.904
2026-02-26,Porto Velho,55.204,55.204
2026-02-27,Porto Velho,52.705,52.705
2026-02-28,Porto Velho,47.316,47.316
2026-03-01,Porto Velho,44.017,44.017
2026-03-02,Porto Velho,63.217,63.217
2026-03-03,Porto Velho,60.158,60.158
2026-03-04,Porto Velho,58.775,58.775
2026-03-05,Porto Velho,60.864,60.864
2026-03-06,Porto Velho,58.357,58.357
2026-03-07,Porto Velho,46.309,46.309
2026-03-08,Porto Velho,42.775,42.775
2026-03-09,Porto Velho,64.263,64.263
2026-03-10,Porto Velho,60.207,60.207
2026-03-11,Porto Velho,57.69,57.69
2026-03-12,Porto Velho,55.813,55.813
2026-03-13,Porto Velho,53.681,53.681
2026-03-14,Porto Velho,47.521,47.521
2026-03-15,Porto Velho,43.493,43.493
2026-03-16,Porto Velho,64.461,64.461
2026-03-17,Porto Velho,59.834,59.834
2026-03-18,Porto Velho,57.675,57.675
2026-03-19,Porto Velho,56.997,56.997
2026-03-20,Porto Velho,60.042,60.042
2026-03-21,Porto Velho,52.736,52.736
2026-03-22,Porto Velho,47.376,47.376
2026-03-23,Porto Velho,69.737,69.737
2026-03-24,Porto Velho,65.189,65.189
2026-03-25,Porto Velho,60.728,60.728
2026-03-26,Porto Velho,58.537,58.537
2026-03-27,Porto Velho,56.272,56.272
2026-03-28,Porto Velho,49.97,49.97
2026-03-29,Porto Velho,47.197,47.197
2026-03-30,Porto Velho,68.319,68.319
2026-03-31,Porto Velho,61.291,61.291
2026-04-01,Porto Velho,59.401,59.401
2026-04-02,Porto Velho,56.185,56.185
2026-04-03,Porto Velho,52.235,52.235
2026-04-04,Porto Velho,45.994,45.994
2026-04-05,Porto Velho,46.707,46.707
2026-04-06,Porto Velho,69.599,69.599
2026-04-07,Porto Velho,62.959,62.959
2026-04-08,Porto Velho,61.033,61.033
2026-04-09,Porto Velho,57.46,57.46
2026-04-10,Porto Velho,54.319,54.319
2026-04-11,Porto Velho,46.408,46.408
2026-04-12,Porto Velho,41.533,41.533
2026-04-13,Porto Velho,62.679,62.679
2026-04-14,Porto Velho,58.027,58.027
2026-04-15,Porto Velho,56.616,56.616
2026-04-16,Porto Velho,56.369,56.369
2026-04-17,Porto Velho,53.616,53.616
2026-04-18,Porto Velho,48.504,48.504
2026-04-19,Porto Velho,43.889,43.889
2026-04-20,Porto Velho,66.043,66.043
2026-04-21,Porto Velho,62.664,62.664
2026-04-22,Porto Velho,55.82,55.82
2026-04-23,Porto Velho,54.667,54.667
2026-04-24,Porto Velho,53.02,53.02
2026-04-25,Porto Velho,45.235,45.235
2026-04-26,Porto Velho,42.211,42.211
2026-04-27,Porto Velho,59.472,59.472
2026-04-28,Porto Velho,56.639,56.639
2026-04-29,Porto Velho,54.662,54.662
2026-04-30,Porto Velho,53.388,53.388
2026-05-01,Porto Velho,51.012,51.012
2026-05-02,Porto Velho,44.419,44.419
2026-05-03,Porto Velho,42.18,42.18
2026-05-04,Porto Velho,63.742,63.742
2026-05-05,Porto Velho,65.071,65.071
2026-05-06,Porto Velho,60.966,60.966
2026-05-07,Porto Velho,55.331,55.331
2026-05-08,Porto Velho,56.157,56.157
2026-05-09,Porto Velho,49.376,49.376
2026-05-10,Porto Velho,47.068,47.068
2026-05-11,Porto Velho,67.835,67.835
2026-05-12,Porto Velho,63.604,63.604
2026-05-13,Porto Velho,60.793,60.793
2026-05-14,Porto Velho,58.776,58.776
2026-05-15,Porto Velho,55.068,55.068
2026-05-16,Porto Velho,46.827,46.827
2026-05-17,Porto Velho,43.852,43.852
2026-05-18,Porto Velho,65.719,65.719
2026-05-19,Porto Velho,62.844,62.844
2026-05-20,Porto Velho,65.4,65.4
2026-05-21,Porto Velho,63.067,63.067
2026-05-22,Porto Velho,56.519,56.519
2026-05-23,Porto Velho,50.312,50.312
2026-05-24,Porto Velho,47.124,47.124
2026-05-25,Porto Velho,66.833,66.833
2026-05-26,Porto Velho,62.198,62.198
2026-05-27,Porto Velho,59.696,59.696
2026-05-28,Porto Velho,58.097,58.097
2026-05-29,Porto Velho,54.832,54.832
2026-05-30,Porto Velho,48.653,48.653
2026-05-31,Porto Velho,45.617,45.617
2026-01-05,Macapá,57.416,57.416
2026-01-06,Macapá,54.698,54.698
2026-01-07,Macapá,49.206,49.206
2026-01-08,Macapá,46.112,46.112
2026-01-09,Macapá,43.168,43.168
2026-01-10,Macapá,37.235,37.235
2026-01-11,Macapá,34.061,34.061
2026-01-12,Macapá,53.647,53.647
2026-01-13,Macapá,52.957,52.957
2026-01-14,Macapá,48.678,48.678
2026-01-15,Macapá,47.139,47.139
2026-01-16,Macapá,45.362,45.362
2026-01-17,Macapá,39.362,39.362
2026-01-18,Macapá,36.782,36.782
2026-01-19,Macapá,56.316,56.316
2026-01-20,Macapá,56.924,56.924
2026-01-21,Macapá,55.531,55.531
2026-01-22,Macapá,48.265,48.265
2026-01-23,Macapá,47.23,47.23
2026-01-24,Macapá,41.151,41.151
2026-01-25,Macapá,37.498,37.498
2026-01-26,Macapá,57.882,57.882
2026-01-27,Macapá,54.76,54.76
2026-01-28,Macapá,52.28,52.28
2026-01-29,Macapá,49.434,49.434
2026-01-30,Macapá,45.309,45.309
2026-01-31,Macapá,39.068,39.068
2026-02-01,Macapá,35.649,35.649
2026-02-02,Macapá,52.795,52.795
2026-02-03,Macapá,51.52,51.52
2026-02-04,Macapá,50.162,50.162
2026-02-05,Macapá,51.249,51.249
2026-02-06,Macapá,48.625,48.625
2026-02-07,Macapá,39.646,39.646
2026-02-08,Macapá,37.091,37.091
2026-02-09,Macapá,56.622,56.622
2026-02-10,Macapá,52.96,52.96
2026-02-11,Macapá,51.29,51.29
2026-02-12,Macapá,47.683,47.683
2026-02-13,Macapá,45.574,45.574
2026-02-14,Macapá,27.813,27.813
2026-02-15,Macapá,25.574,25.574
2026-02-16,Macapá,38.476,38.476
2026-02-17,Macapá,36.865,36.865
2026-02-18,Macapá,51.962,51.962
2026-02-19,Macapá,48.983,48.983
2026-02-20,Macapá,51.275,51.275
2026-02-21,Macapá,47.121,47.121
2026-02-22,Macapá,39.785,39.785
2026-02-23,Macapá,61.35,61.35
2026-02-24,Macapá,57.135,57.135
2026-02-25,Macapá,56.218,56.218
2026-02-26,Macapá,54.01,54.01
2026-02-27,Macapá,50.756,50.756
2026-02-28,Macapá,43.72,43.72
2026-03-01,Macapá,39.451,39.451
2026-03-02,Macapá,59.055,59.055
2026-03-03,Macapá,57.006,57.006
2026-03-04,Macapá,54.875,54.875
2026-03-05,Macapá,56.51,56.51
2026-03-06,Macapá,52.762,52.762
2026-03-07,Macapá,43.314,43.314
2026-03-08,Macapá,40.723,40.723
2026-03-09,Macapá,60.152,60.152
2026-03-10,Macapá,55.912,55.912
2026-03-11,Macapá,53.905,53.905
2026-03-12,Macapá,54.161,54.161
2026-03-13,Macapá,52.171,52.171
2026-03-14,Macapá,44.702,44.702
2026-03-15,Macapá,40.249,40.249
2026-03-16,Macapá,59.897,59.897
2026-03-17,Macapá,55.694,55.694
2026-03-18,Macapá,54.189,54.189
2026-03-19,Macapá,51.103,51.103
2026-03-20,Macapá,51.243,51.243
2026-03-21,Macapá,44.058,44.058
2026-03-22,Macapá,37.638,37.638
2026-03-23,Macapá,58.313,58.313
2026-03-24,Macapá,55.158,55.158
2026-03-25,Macapá,53.797,53.797
2026-03-26,Macapá,50.447,50.447
2026-03-27,Macapá,48.517,48.517
2026-03-28,Macapá,41.321,41.321
2026-03-29,Macapá,38.676,38.676
2026-03-30,Macapá,56.91,56.91
2026-03-31,Macapá,52.772,52.772
2026-04-01,Macapá,51.239,51.239
2026-04-02,Macapá,50.928,50.928
2026-04-03,Macapá,47.131,47.131
2026-04-04,Macapá,40.843,40.843
2026-04-05,Macapá,40.039,40.039
2026-04-06,Macapá,62.124,62.124
2026-04-07,Macapá,56.482,56.482
2026-04-08,Macapá,55.515,55.515
2026-04-09,Macapá,52.609,52.609
2026-04-10,Macapá,50.447,50.447
2026-04-11,Macapá,44.639,44.639
2026-04-12,Macapá,39.48,39.48
2026-04-13,Macapá,61.382,61.382
2026-04-14,Macapá,57.795,57.795
2026-04-15,Macapá,54.404,54.404
2026-04-16,Macapá,51.447,51.447
2026-04-17,Macapá,50.137,50.137
2026-04-18,Macapá,43.154,43.154
2026-04-19,Macapá,39.13,39.13
2026-04-20,Macapá,63.417,63.417
2026-04-21,Macapá,60.154,60.154
2026-04-22,Macapá,52.906,52.906
2026-04-23,Macapá,51.189,51.189
2026-04-24,Macapá,47.63,47.63
2026-04-25,Macapá,42.042,42.042
2026-04-26,Macapá,40.07,40.07
2026-04-27,Macapá,57.773,57.773
2026-04-28,Macapá,53.751,53.751
2026-04-29,Macapá,50.183,50.183
2026-04-30,Macapá,49.436,49.436
2026-05-01,Macapá,46.956,46.956
2026-05-02,Macapá,40.337,40.337
2026-05-03,Macapá,36.914,36.914
2026-05-04,Macapá,56.415,56.415
2026-05-05,Macapá,57.502,57.502
2026-05-06,Macapá,55.367,55.367
2026-05-07,Macapá,49.874,49.874
2026-05-08,Macapá,47.213,47.213
2026-05-09,Macapá,41.915,41.915
2026-05-10,Macapá,38.899,38.899
2026-05-11,Macapá,61.177,61.177
2026-05-12,Macapá,56.591,56.591
2026-05-13,Macapá,52.044,52.044
2026-05-14,Macapá,50.307,50.307
2026-05-15,Macapá,49.199,49.199
2026-05-16,Macapá,42.119,42.119
2026-05-17,Macapá,38.293,38.293
2026-05-18,Macapá,57.831,57.831
2026-05-19,Macapá,55.665,55.665
2026-05-20,Macapá,55.165,55.165
2026-05-21,Macapá,52.895,52.895
2026-05-22,Macapá,48.587,48.587
2026-05-23,Macapá,40.624,40.624
2026-05-24,Macapá,38.744,38.744
2026-05-25,Macapá,59.69,59.69
2026-05-26,Macapá,57.512,57.512
2026-05-27,Macapá,55.025,55.025
2026-05-28,Macapá,53.378,53.378
2026-05-29,Macapá,49.207,49.207
2026-05-30,Macapá,42.235,42.235
2026-05-31,Macapá,38.272,38.272
2026-01-05,Caxias do Sul,51.255,51.255
2026-01-06,Caxias do Sul,49.559,49.559
2026-01-07,Caxias do Sul,45.124,45.124
2026-01-08,Caxias do Sul,44.541,44.541
2026-01-09,Caxias do Sul,41.875,41.875
2026-01-10,Caxias do Sul,36.301,36.301
2026-01-11,Caxias do Sul,34.159,34.159
2026-01-12,Caxias do Sul,48.911,48.911
2026-01-13,Caxias do Sul,45.779,45.779
2026-01-14,Caxias do Sul,42.16,42.16
2026-01-15,Caxias do Sul,40.956,40.956
2026-01-16,Caxias do Sul,40.508,40.508
2026-01-17,Caxias do Sul,36.146,36.146
2026-01-18,Caxias do Sul,32.7,32.7
2026-01-19,Caxias do Sul,48.05,48.05
2026-01-20,Caxias do Sul,48.382,48.382
2026-01-21,Caxias do Sul,47.464,47.464
2026-01-22,Caxias do Sul,44.132,44.132
2026-01-23,Caxias do Sul,42.918,42.918
2026-01-24,Caxias do Sul,38.009,38.009
2026-01-25,Caxias do Sul,36.294,36.294
2026-01-26,Caxias do Sul,50.803,50.803
2026-01-27,Caxias do Sul,46.909,46.909
2026-01-28,Caxias do Sul,45.186,45.186
2026-01-29,Caxias do Sul,44.143,44.143
2026-01-30,Caxias do Sul,40.835,40.835
2026-01-31,Caxias do Sul,35.963,35.963
2026-02-01,Caxias do Sul,33.537,33.537
2026-02-02,Caxias do Sul,49.628,49.628
2026-02-03,Caxias do Sul,47.63,47.63
2026-02-04,Caxias do Sul,46.394,46.394
2026-02-05,Caxias do Sul,48.867,48.867
2026-02-06,Caxias do Sul,47.571,47.571
2026-02-07,Caxias do Sul,38.61,38.61
2026-02-08,Caxias do Sul,35.701,35.701
2026-02-09,Caxias do Sul,49.019,49.019
2026-02-10,Caxias do Sul,45.795,45.795
2026-02-11,Caxias do Sul,43.451,43.451
2026-02-12,Caxias do Sul,42.013,42.013
2026-02-13,Caxias do Sul,40.709,40.709
2026-02-14,Caxias do Sul,25.65,25.65
2026-02-15,Caxias do Sul,23.818,23.818
2026-02-16,Caxias do Sul,34.662,34.662
2026-02-17,Caxias do Sul,33.688,33.688
2026-02-18,Caxias do Sul,46.851,46.851
2026-02-19,Caxias do Sul,45.707,45.707
2026-02-20,Caxias do Sul,45.548,45.548
2026-02-21,Caxias do Sul,40.233,40.233
2026-02-22,Caxias do Sul,35.049,35.049
2026-02-23,Caxias do Sul,49.961,49.961
2026-02-24,Caxias do Sul,47.772,47.772
2026-02-25,Caxias do Sul,47.623,47.623
2026-02-26,Caxias do Sul,47.261,47.261
2026-02-27,Caxias do Sul,44.7,44.7
2026-02-28,Caxias do Sul,39.894,39.894
2026-03-01,Caxias do Sul,37.347,37.347
2026-03-02,Caxias do Sul,52.789,52.789
2026-03-03,Caxias do Sul,51.062,51.062
2026-03-04,Caxias do Sul,48.192,48.192
2026-03-05,Caxias do Sul,48.981,48.981
2026-03-06,Caxias do Sul,46.787,46.787
2026-03-07,Caxias do Sul,38.418,38.418
2026-03-08,Caxias do Sul,35.797,35.797
2026-03-09,Caxias do Sul,52.009,52.009
2026-03-10,Caxias do Sul,48.193,48.193
2026-03-11,Caxias do Sul,47.311,47.311
2026-03-12,Caxias do Sul,46.303,46.303
2026-03-13,Caxias do Sul,44.919,44.919
2026-03-14,Caxias do Sul,40.52,40.52
2026-03-15,Caxias do Sul,36.782,36.782
2026-03-16,Caxias do Sul,51.515,51.515
2026-03-17,Caxias do Sul,46.359,46.359
2026-03-18,Caxias do Sul,45.45,45.45
2026-03-19,Caxias do Sul,43.772,43.772
2026-03-20,Caxias do Sul,46.008,46.008
2026-03-21,Caxias do Sul,41.762,41.762
2026-03-22,Caxias do Sul,36.661,36.661
2026-03-23,Caxias do Sul,51.329,51.329
2026-03-24,Caxias do Sul,48.867,48.867
2026-03-25,Caxias do Sul,48.729,48.729
2026-03-26,Caxias do Sul,48.853,48.853
2026-03-27,Caxias do Sul,47.118,47.118
2026-03-28,Caxias do Sul,41.656,41.656
2026-03-29,Caxias do Sul,37.534,37.534
2026-03-30,Caxias do Sul,54.028,54.028
2026-03-31,Caxias do Sul,51.119,51.119
2026-04-01,Caxias do Sul,49.296,49.296
2026-04-02,Caxias do Sul,47.28,47.28
2026-04-03,Caxias do Sul,45.434,45.434
2026-04-04,Caxias do Sul,40.01,40.01
2026-04-05,Caxias do Sul,39.958,39.958
2026-04-06,Caxias do Sul,58.74,58.74
2026-04-07,Caxias do Sul,50.701,50.701
2026-04-08,Caxias do Sul,46.844,46.844
2026-04-09,Caxias do Sul,45.953,45.953
2026-04-10,Caxias do Sul,45.855,45.855
2026-04-11,Caxias do Sul,40.373,40.373
2026-04-12,Caxias do Sul,36.195,36.195
2026-04-13,Caxias do Sul,52.06,52.06
2026-04-14,Caxias do Sul,48.473,48.473
2026-04-15,Caxias do Sul,47.936,47.936
2026-04-16,Caxias do Sul,46.38,46.38
2026-04-17,Caxias do Sul,43.953,43.953
2026-04-18,Caxias do Sul,39.12,39.12
2026-04-19,Caxias do Sul,36.537,36.537
2026-04-20,Caxias do Sul,55.512,55.512
2026-04-21,Caxias do Sul,50.746,50.746
2026-04-22,Caxias do Sul,46.885,46.885
2026-04-23,Caxias do Sul,47.506,47.506
2026-04-24,Caxias do Sul,44.848,44.848
2026-04-25,Caxias do Sul,40.606,40.606
2026-04-26,Caxias do Sul,37.328,37.328
2026-04-27,Caxias do Sul,53.443,53.443
2026-04-28,Caxias do Sul,51.013,51.013
2026-04-29,Caxias do Sul,49.358,49.358
2026-04-30,Caxias do Sul,48.148,48.148
2026-05-01,Caxias do Sul,48.532,48.532
2026-05-02,Caxias do Sul,41.932,41.932
2026-05-03,Caxias do Sul,38.439,38.439
2026-05-04,Caxias do Sul,55.668,55.668
2026-05-05,Caxias do Sul,55.036,55.036
2026-05-06,Caxias do Sul,53.441,53.441
2026-05-07,Caxias do Sul,48.558,48.558
2026-05-08,Caxias do Sul,46.006,46.006
2026-05-09,Caxias do Sul,40.995,40.995
2026-05-10,Caxias do Sul,38.249,38.249
2026-05-11,Caxias do Sul,56.631,56.631
2026-05-12,Caxias do Sul,53.57,53.57
2026-05-13,Caxias do Sul,50.755,50.755
2026-05-14,Caxias do Sul,49.367,49.367
2026-05-15,Caxias do Sul,46.534,46.534
2026-05-16,Caxias do Sul,39.712,39.712
2026-05-17,Caxias do Sul,37.239,37.239
2026-05-18,Caxias do Sul,53.319,53.319
2026-05-19,Caxias do Sul,51.34,51.34
2026-05-20,Caxias do Sul,54.04,54.04
2026-05-21,Caxias do Sul,52.256,52.256
2026-05-22,Caxias do Sul,46.991,46.991
2026-05-23,Caxias do Sul,41.538,41.538
2026-05-24,Caxias do Sul,38.213,38.213
2026-05-25,Caxias do Sul,55.123,55.123
2026-05-26,Caxias do Sul,51.576,51.576
2026-05-27,Caxias do Sul,49.564,49.564
2026-05-28,Caxias do Sul,48.638,48.638
2026-05-29,Caxias do Sul,46.475,46.475
2026-05-30,Caxias do Sul,39.774,39.774
2026-05-31,Caxias do Sul,36.433,36.433
2026-01-05,Vitória,46.102,46.102
2026-01-06,Vitória,42.67,42.67
2026-01-07,Vitória,38.649,38.649
2026-01-08,Vitória,37.581,37.581
2026-01-09,Vitória,35.44,35.44
2026-01-10,Vitória,30.539,30.539
2026-01-11,Vitória,28.999,28.999
2026-01-12,Vitória,43.856,43.856
2026-01-13,Vitória,41.453,41.453
2026-01-14,Vitória,38.626,38.626
2026-01-15,Vitória,37.201,37.201
2026-01-16,Vitória,36.747,36.747
2026-01-17,Vitória,31.874,31.874
2026-01-18,Vitória,26.872,26.872
2026-01-19,Vitória,41.638,41.638
2026-01-20,Vitória,43.12,43.12
2026-01-21,Vitória,40.646,40.646
2026-01-22,Vitória,37.469,37.469
2026-01-23,Vitória,34.449,34.449
2026-01-24,Vitória,30.403,30.403
2026-01-25,Vitória,28.235,28.235
2026-01-26,Vitória,41.344,41.344
2026-01-27,Vitória,39.716,39.716
2026-01-28,Vitória,39.012,39.012
2026-01-29,Vitória,37.763,37.763
2026-01-30,Vitória,36.524,36.524
2026-01-31,Vitória,31.43,31.43
2026-02-01,Vitória,27.74,27.74
2026-02-02,Vitória,42.775,42.775
2026-02-03,Vitória,41.822,41.822
2026-02-04,Vitória,41.893,41.893
2026-02-05,Vitória,41.58,41.58
2026-02-06,Vitória,38.508,38.508
2026-02-07,Vitória,30.846,30.846
2026-02-08,Vitória,28.118,28.118
2026-02-09,Vitória,43.649,43.649
2026-02-10,Vitória,41.409,41.409
2026-02-11,Vitória,38.989,38.989
2026-02-12,Vitória,38.462,38.462
2026-02-13,Vitória,37.855,37.855
2026-02-14,Vitória,22.915,22.915
2026-02-15,Vitória,20.884,20.884
2026-02-16,Vitória,30.36,30.36
2026-02-17,Vitória,28.999,28.999
2026-02-18,Vitória,40.517,40.517
2026-02-19,Vitória,39.464,39.464
2026-02-20,Vitória,40.792,40.792
2026-02-21,Vitória,36.095,36.095
2026-02-22,Vitória,30.692,30.692
2026-02-23,Vitória,46.769,46.769
2026-02-24,Vitória,45.063,45.063
2026-02-25,Vitória,42.987,42.987
2026-02-26,Vitória,41.375,41.375
2026-02-27,Vitória,39.138,39.138
2026-02-28,Vitória,33.528,33.528
2026-03-01,Vitória,31.341,31.341
2026-03-02,Vitória,47.15,47.15
2026-03-03,Vitória,45.189,45.189
2026-03-04,Vitória,42.268,42.268
2026-03-05,Vitória,43.718,43.718
2026-03-06,Vitória,40.805,40.805
2026-03-07,Vitória,32.479,32.479
2026-03-08,Vitória,28.916,28.916
2026-03-09,Vitória,44.811,44.811
2026-03-10,Vitória,43.034,43.034
2026-03-11,Vitória,41.777,41.777
2026-03-12,Vitória,40.046,40.046
2026-03-13,Vitória,39.429,39.429
2026-03-14,Vitória,34.025,34.025
2026-03-15,Vitória,30.993,30.993
2026-03-16,Vitória,46.337,46.337
2026-03-17,Vitória,42.501,42.501
2026-03-18,Vitória,41.833,41.833
2026-03-19,Vitória,41.434,41.434
2026-03-20,Vitória,42.661,42.661
2026-03-21,Vitória,36.554,36.554
2026-03-22,Vitória,32.389,32.389
2026-03-23,Vitória,48.436,48.436
2026-03-24,Vitória,45.348,45.348
2026-03-25,Vitória,44.486,44.486
2026-03-26,Vitória,44.306,44.306
2026-03-27,Vitória,44.114,44.114
2026-03-28,Vitória,37.565,37.565
2026-03-29,Vitória,33.69,33.69
2026-03-30,Vitória,49.378,49.378
2026-03-31,Vitória,44.534,44.534
2026-04-01,Vitória,42.451,42.451
2026-04-02,Vitória,42.372,42.372
2026-04-03,Vitória,40.636,40.636
2026-04-04,Vitória,35.067,35.067
2026-04-05,Vitória,33.336,33.336
2026-04-06,Vitória,51.044,51.044
2026-04-07,Vitória,45.186,45.186
2026-04-08,Vitória,43.369,43.369
2026-04-09,Vitória,41.308,41.308
2026-04-10,Vitória,38.476,38.476
2026-04-11,Vitória,33.247,33.247
2026-04-12,Vitória,28.392,28.392
2026-04-13,Vitória,44.909,44.909
2026-04-14,Vitória,43.76,43.76
2026-04-15,Vitória,40.313,40.313
2026-04-16,Vitória,39.893,39.893
2026-04-17,Vitória,39.016,39.016
2026-04-18,Vitória,33.444,33.444
2026-04-19,Vitória,31.131,31.131
2026-04-20,Vitória,51.287,51.287
2026-04-21,Vitória,48.608,48.608
2026-04-22,Vitória,43.549,43.549
2026-04-23,Vitória,42.085,42.085
2026-04-24,Vitória,42.214,42.214
2026-04-25,Vitória,36.522,36.522
2026-04-26,Vitória,33.256,33.256
2026-04-27,Vitória,48.464,48.464
2026-04-28,Vitória,44.034,44.034
2026-04-29,Vitória,42.956,42.956
2026-04-30,Vitória,40.21,40.21
2026-05-01,Vitória,37.075,37.075
2026-05-02,Vitória,32.273,32.273
2026-05-03,Vitória,30.992,30.992
2026-05-04,Vitória,47.651,47.651
2026-05-05,Vitória,47.358,47.358
2026-05-06,Vitória,44.054,44.054
2026-05-07,Vitória,40.429,40.429
2026-05-08,Vitória,39.496,39.496
2026-05-09,Vitória,33.206,33.206
2026-05-10,Vitória,31.482,31.482
2026-05-11,Vitória,49.146,49.146
2026-05-12,Vitória,47.538,47.538
2026-05-13,Vitória,46.164,46.164
2026-05-14,Vitória,44.737,44.737
2026-05-15,Vitória,42.38,42.38
2026-05-16,Vitória,36.434,36.434
2026-05-17,Vitória,32.562,32.562
2026-05-18,Vitória,48.198,48.198
2026-05-19,Vitória,44.486,44.486
2026-05-20,Vitória,44.669,44.669
2026-05-21,Vitória,44.068,44.068
2026-05-22,Vitória,39.932,39.932
2026-05-23,Vitória,35.466,35.466
2026-05-24,Vitória,33.65,33.65
2026-05-25,Vitória,50.491,50.491
2026-05-26,Vitória,47.264,47.264
2026-05-27,Vitória,43.795,43.795
2026-05-28,Vitória,42.265,42.265
2026-05-29,Vitória,40.335,40.335
2026-05-30,Vitória,32.891,32.891
2026-05-31,Vitória,32.118,32.118
2026-01-05,Maringá,46.57,46.57
2026-01-06,Maringá,45.903,45.903
2026-01-07,Maringá,41.528,41.528
2026-01-08,Maringá,40.692,40.692
2026-01-09,Maringá,38.555,38.555
2026-01-10,Maringá,35.704,35.704
2026-01-11,Maringá,33.639,33.639
2026-01-12,Maringá,45.17,45.17
2026-01-13,Maringá,43.368,43.368
2026-01-14,Maringá,41.271,41.271
2026-01-15,Maringá,40.598,40.598
2026-01-16,Maringá,40.458,40.458
2026-01-17,Maringá,37.771,37.771
2026-01-18,Maringá,35.071,35.071
2026-01-19,Maringá,46.786,46.786
2026-01-20,Maringá,47.743,47.743
2026-01-21,Maringá,47.799,47.799
2026-01-22,Maringá,42.578,42.578
2026-01-23,Maringá,40.728,40.728
2026-01-24,Maringá,35.396,35.396
2026-01-25,Maringá,32.61,32.61
2026-01-26,Maringá,43.126,43.126
2026-01-27,Maringá,41.365,41.365
2026-01-28,Maringá,42.256,42.256
2026-01-29,Maringá,42.062,42.062
2026-01-30,Maringá,40.129,40.129
2026-01-31,Maringá,35.645,35.645
2026-02-01,Maringá,34.772,34.772
2026-02-02,Maringá,47.716,47.716
2026-02-03,Maringá,45.648,45.648
2026-02-04,Maringá,44.653,44.653
2026-02-05,Maringá,47.497,47.497
2026-02-06,Maringá,44.917,44.917
2026-02-07,Maringá,38.127,38.127
2026-02-08,Maringá,37.465,37.465
2026-02-09,Maringá,49.44,49.44
2026-02-10,Maringá,46.24,46.24
2026-02-11,Maringá,44.507,44.507
2026-02-12,Maringá,42.226,42.226
2026-02-13,Maringá,40.46,40.46
2026-02-14,Maringá,26.483,26.483
2026-02-15,Maringá,25.763,25.763
2026-02-16,Maringá,34.039,34.039
2026-02-17,Maringá,32.589,32.589
2026-02-18,Maringá,44.224,44.224
2026-02-19,Maringá,43.153,43.153
2026-02-20,Maringá,44.043,44.043
2026-02-21,Maringá,39.425,39.425
2026-02-22,Maringá,36.236,36.236
2026-02-23,Maringá,48.376,48.376
2026-02-24,Maringá,46.745,46.745
2026-02-25,Maringá,46.069,46.069
2026-02-26,Maringá,45.659,45.659
2026-02-27,Maringá,43.757,43.757
2026-02-28,Maringá,39.492,39.492
2026-03-01,Maringá,36.761,36.761
2026-03-02,Maringá,49.356,49.356
2026-03-03,Maringá,47.631,47.631
2026-03-04,Maringá,45.02,45.02
2026-03-05,Maringá,46.038,46.038
2026-03-06,Maringá,44.036,44.036
2026-03-07,Maringá,36.772,36.772
2026-03-08,Maringá,33.78,33.78
2026-03-09,Maringá,46.328,46.328
2026-03-10,Maringá,44.877,44.877
2026-03-11,Maringá,45.866,45.866
2026-03-12,Maringá,44.569,44.569
2026-03-13,Maringá,42.836,42.836
2026-03-14,Maringá,38.488,38.488
2026-03-15,Maringá,36.415,36.415
2026-03-16,Maringá,48.273,48.273
2026-03-17,Maringá,44.839,44.839
2026-03-18,Maringá,43.38,43.38
2026-03-19,Maringá,41.265,41.265
2026-03-20,Maringá,44.285,44.285
2026-03-21,Maringá,40.217,40.217
2026-03-22,Maringá,35.423,35.423
2026-03-23,Maringá,46.01,46.01
2026-03-24,Maringá,43.97,43.97
2026-03-25,Maringá,42.798,42.798
2026-03-26,Maringá,42.177,42.177
2026-03-27,Maringá,41.111,41.111
2026-03-28,Maringá,38.424,38.424
2026-03-29,Maringá,36.489,36.489
2026-03-30,Maringá,49.092,49.092
2026-03-31,Maringá,48.342,48.342
2026-04-01,Maringá,46.786,46.786
2026-04-02,Maringá,45.461,45.461
2026-04-03,Maringá,44.783,44.783
2026-04-04,Maringá,40.795,40.795
2026-04-05,Maringá,41.294,41.294
2026-04-06,Maringá,54.045,54.045
2026-04-07,Maringá,46.859,46.859
2026-04-08,Maringá,44.439,44.439
2026-04-09,Maringá,43.037,43.037
2026-04-10,Maringá,41.355,41.355
2026-04-11,Maringá,38.02,38.02
2026-04-12,Maringá,36.398,36.398
2026-04-13,Maringá,50.223,50.223
2026-04-14,Maringá,47.453,47.453
2026-04-15,Maringá,44.881,44.881
2026-04-16,Maringá,44.965,44.965
2026-04-17,Maringá,42.339,42.339
2026-04-18,Maringá,37.224,37.224
2026-04-19,Maringá,34.623,34.623
2026-04-20,Maringá,50.638,50.638
2026-04-21,Maringá,48.515,48.515
2026-04-22,Maringá,46.047,46.047
2026-04-23,Maringá,45.738,45.738
2026-04-24,Maringá,45.342,45.342
2026-04-25,Maringá,41.448,41.448
2026-04-26,Maringá,38.678,38.678
2026-04-27,Maringá,50.645,50.645
2026-04-28,Maringá,48.647,48.647
2026-04-29,Maringá,46.422,46.422
2026-04-30,Maringá,44.529,44.529
2026-05-01,Maringá,45.127,45.127
2026-05-02,Maringá,41.652,41.652
2026-05-03,Maringá,39.759,39.759
2026-05-04,Maringá,52.592,52.592
2026-05-05,Maringá,52.753,52.753
2026-05-06,Maringá,50.524,50.524
2026-05-07,Maringá,46.851,46.851
2026-05-08,Maringá,46.611,46.611
2026-05-09,Maringá,42.322,42.322
2026-05-10,Maringá,40.969,40.969
2026-05-11,Maringá,55.595,55.595
2026-05-12,Maringá,51.973,51.973
2026-05-13,Maringá,49.547,49.547
2026-05-14,Maringá,49.314,49.314
2026-05-15,Maringá,48.245,48.245
2026-05-16,Maringá,43.03,43.03
2026-05-17,Maringá,40.044,40.044
2026-05-18,Maringá,52.664,52.664
2026-05-19,Maringá,49.632,49.632
2026-05-20,Maringá,52.561,52.561
2026-05-21,Maringá,50.574,50.574
2026-05-22,Maringá,45.658,45.658
2026-05-23,Maringá,41.263,41.263
2026-05-24,Maringá,38.996,38.996
2026-05-25,Maringá,52.018,52.018
2026-05-26,Maringá,48.966,48.966
2026-05-27,Maringá,48.47,48.47
2026-05-28,Maringá,46.859,46.859
2026-05-29,Maringá,44.223,44.223
2026-05-30,Maringá,38.598,38.598
2026-05-31,Maringá,36.756,36.756
2026-01-05,Feira de Santana,79.572,79.572
2026-01-06,Feira de Santana,75.99,75.99
2026-01-07,Feira de Santana,69.618,69.618
2026-01-08,Feira de Santana,68.137,68.137
2026-01-09,Feira de Santana,65.744,65.744
2026-01-10,Feira de Santana,59.446,59.446
2026-01-11,Feira de Santana,55.499,55.499
2026-01-12,Feira de Santana,75.015,75.015
2026-01-13,Feira de Santana,72.587,72.587
2026-01-14,Feira de Santana,69.068,69.068
2026-01-15,Feira de Santana,67.863,67.863
2026-01-16,Feira de Santana,67.948,67.948
2026-01-17,Feira de Santana,63.681,63.681
2026-01-18,Feira de Santana,58.283,58.283
2026-01-19,Feira de Santana,78.976,78.976
2026-01-20,Feira de Santana,79.739,79.739
2026-01-21,Feira de Santana,76.979,76.979
2026-01-22,Feira de Santana,70.775,70.775
2026-01-23,Feira de Santana,69.674,69.674
2026-01-24,Feira de Santana,61.972,61.972
2026-01-25,Feira de Santana,58.465,58.465
2026-01-26,Feira de Santana,78.341,78.341
2026-01-27,Feira de Santana,74.839,74.839
2026-01-28,Feira de Santana,71.64,71.64
2026-01-29,Feira de Santana,66.736,66.736
2026-01-30,Feira de Santana,62.174,62.174
2026-01-31,Feira de Santana,54.92,54.92
2026-02-01,Feira de Santana,52.753,52.753
2026-02-02,Feira de Santana,73.265,73.265
2026-02-03,Feira de Santana,72.404,72.404
2026-02-04,Feira de Santana,69.443,69.443
2026-02-05,Feira de Santana,70.269,70.269
2026-02-06,Feira de Santana,69.334,69.334
2026-02-07,Feira de Santana,55.336,55.336
2026-02-08,Feira de Santana,53.885,53.885
2026-02-09,Feira de Santana,72.736,72.736
2026-02-10,Feira de Santana,71.598,71.598
2026-02-11,Feira de Santana,68.178,68.178
2026-02-12,Feira de Santana,68.614,68.614
2026-02-13,Feira de Santana,70.108,70.108
2026-02-14,Feira de Santana,42.371,42.371
2026-02-15,Feira de Santana,41.352,41.352
2026-02-16,Feira de Santana,54.697,54.697
2026-02-17,Feira de Santana,53.428,53.428
2026-02-18,Feira de Santana,73.73,73.73
2026-02-19,Feira de Santana,72.55,72.55
2026-02-20,Feira de Santana,74.065,74.065
2026-02-21,Feira de Santana,67.688,67.688
2026-02-22,Feira de Santana,57.705,57.705
2026-02-23,Feira de Santana,81.613,81.613
2026-02-24,Feira de Santana,76.882,76.882
2026-02-25,Feira de Santana,73.344,73.344
2026-02-26,Feira de Santana,73.95,73.95
2026-02-27,Feira de Santana,71.305,71.305
2026-02-28,Feira de Santana,65.944,65.944
2026-03-01,Feira de Santana,62.877,62.877
2026-03-02,Feira de Santana,83.939,83.939
2026-03-03,Feira de Santana,80.86,80.86
2026-03-04,Feira de Santana,76.517,76.517
2026-03-05,Feira de Santana,82.072,82.072
2026-03-06,Feira de Santana,77.322,77.322
2026-03-07,Feira de Santana,63.964,63.964
2026-03-08,Feira de Santana,60.325,60.325
2026-03-09,Feira de Santana,83.298,83.298
2026-03-10,Feira de Santana,80.961,80.961
2026-03-11,Feira de Santana,77.36,77.36
2026-03-12,Feira de Santana,72.741,72.741
2026-03-13,Feira de Santana,69.074,69.074
2026-03-14,Feira de Santana,63.196,63.196
2026-03-15,Feira de Santana,58.092,58.092
2026-03-16,Feira de Santana,78.097,78.097
2026-03-17,Feira de Santana,76.847,76.847
2026-03-18,Feira de Santana,72.91,72.91
2026-03-19,Feira de Santana,72.3,72.3
2026-03-20,Feira de Santana,71.657,71.657
2026-03-21,Feira de Santana,65.847,65.847
2026-03-22,Feira de Santana,58.122,58.122
2026-03-23,Feira de Santana,79.706,79.706
2026-03-24,Feira de Santana,77.364,77.364
2026-03-25,Feira de Santana,73.912,73.912
2026-03-26,Feira de Santana,70.4,70.4
2026-03-27,Feira de Santana,70.382,70.382
2026-03-28,Feira de Santana,63.192,63.192
2026-03-29,Feira de Santana,58.626,58.626
2026-03-30,Feira de Santana,79.68,79.68
2026-03-31,Feira de Santana,74.53,74.53
2026-04-01,Feira de Santana,73.681,73.681
2026-04-02,Feira de Santana,74.138,74.138
2026-04-03,Feira de Santana,72.959,72.959
2026-04-04,Feira de Santana,64.169,64.169
2026-04-05,Feira de Santana,65.27,65.27
2026-04-06,Feira de Santana,90.658,90.658
2026-04-07,Feira de Santana,81.646,81.646
2026-04-08,Feira de Santana,79.084,79.084
2026-04-09,Feira de Santana,71.891,71.891
2026-04-10,Feira de Santana,70.168,70.168
2026-04-11,Feira de Santana,60.913,60.913
2026-04-12,Feira de Santana,56.051,56.051
2026-04-13,Feira de Santana,77.187,77.187
2026-04-14,Feira de Santana,75.105,75.105
2026-04-15,Feira de Santana,69.455,69.455
2026-04-16,Feira de Santana,69.456,69.456
2026-04-17,Feira de Santana,67.484,67.484
2026-04-18,Feira de Santana,60.988,60.988
2026-04-19,Feira de Santana,56.492,56.492
2026-04-20,Feira de Santana,81.873,81.873
2026-04-21,Feira de Santana,79.685,79.685
2026-04-22,Feira de Santana,70.304,70.304
2026-04-23,Feira de Santana,70.997,70.997
2026-04-24,Feira de Santana,67.428,67.428
2026-04-25,Feira de Santana,61.371,61.371
2026-04-26,Feira de Santana,56.489,56.489
2026-04-27,Feira de Santana,77.883,77.883
2026-04-28,Feira de Santana,75.332,75.332
2026-04-29,Feira de Santana,71.663,71.663
2026-04-30,Feira de Santana,71.933,71.933
2026-05-01,Feira de Santana,69.815,69.815
2026-05-02,Feira de Santana,62.051,62.051
2026-05-03,Feira de Santana,59.579,59.579
2026-05-04,Feira de Santana,77.921,77.921
2026-05-05,Feira de Santana,79.393,79.393
2026-05-06,Feira de Santana,79.193,79.193
2026-05-07,Feira de Santana,74.306,74.306
2026-05-08,Feira de Santana,72.921,72.921
2026-05-09,Feira de Santana,65.405,65.405
2026-05-10,Feira de Santana,60.366,60.366
2026-05-11,Feira de Santana,83.803,83.803
2026-05-12,Feira de Santana,80.738,80.738
2026-05-13,Feira de Santana,76.56,76.56
2026-05-14,Feira de Santana,74.999,74.999
2026-05-15,Feira de Santana,75.401,75.401
2026-05-16,Feira de Santana,66.859,66.859
2026-05-17,Feira de Santana,60.462,60.462
2026-05-18,Feira de Santana,80.847,80.847
2026-05-19,Feira de Santana,78.006,78.006
2026-05-20,Feira de Santana,79.738,79.738
2026-05-21,Feira de Santana,79.433,79.433
2026-05-22,Feira de Santana,70.484,70.484
2026-05-23,Feira de Santana,65.956,65.956
2026-05-24,Feira de Santana,63.362,63.362
2026-05-25,Feira de Santana,85.691,85.691
2026-05-26,Feira de Santana,80.978,80.978
2026-05-27,Feira de Santana,74.401,74.401
2026-05-28,Feira de Santana,75.117,75.117
2026-05-29,Feira de Santana,71.972,71.972
2026-05-30,Feira de Santana,64.866,64.866
2026-05-31,Feira de Santana,60.461,60.461
2026-01-05,Campina Grande,51.634,51.634
2026-01-06,Campina Grande,49.929,49.929
2026-01-07,Campina Grande,44.625,44.625
2026-01-08,Campina Grande,43.069,43.069
2026-01-09,Campina Grande,41.276,41.276
2026-01-10,Campina Grande,37.263,37.263
2026-01-11,Campina Grande,35.701,35.701
2026-01-12,Campina Grande,49.513,49.513
2026-01-13,Campina Grande,47.777,47.777
2026-01-14,Campina Grande,46.055,46.055
2026-01-15,Campina Grande,44.204,44.204
2026-01-16,Campina Grande,41.99,41.99
2026-01-17,Campina Grande,36.662,36.662
2026-01-18,Campina Grande,33.819,33.819
2026-01-19,Campina Grande,49.359,49.359
2026-01-20,Campina Grande,51.067,51.067
2026-01-21,Campina Grande,49.405,49.405
2026-01-22,Campina Grande,42.603,42.603
2026-01-23,Campina Grande,43.375,43.375
2026-01-24,Campina Grande,37.709,37.709
2026-01-25,Campina Grande,36.631,36.631
2026-01-26,Campina Grande,49.685,49.685
2026-01-27,Campina Grande,46.969,46.969
2026-01-28,Campina Grande,43.31,43.31
2026-01-29,Campina Grande,42.106,42.106
2026-01-30,Campina Grande,39.279,39.279
2026-01-31,Campina Grande,34.524,34.524
2026-02-01,Campina Grande,31.813,31.813
2026-02-02,Campina Grande,46.037,46.037
2026-02-03,Campina Grande,45.63,45.63
2026-02-04,Campina Grande,46.796,46.796
2026-02-05,Campina Grande,47.626,47.626
2026-02-06,Campina Grande,46.13,46.13
2026-02-07,Campina Grande,37.305,37.305
2026-02-08,Campina Grande,34.846,34.846
2026-02-09,Campina Grande,49.179,49.179
2026-02-10,Campina Grande,47.609,47.609
2026-02-11,Campina Grande,46.599,46.599
2026-02-12,Campina Grande,46.348,46.348
2026-02-13,Campina Grande,43.588,43.588
2026-02-14,Campina Grande,27.845,27.845
2026-02-15,Campina Grande,26.557,26.557
2026-02-16,Campina Grande,36.884,36.884
2026-02-17,Campina Grande,34.967,34.967
2026-02-18,Campina Grande,47.737,47.737
2026-02-19,Campina Grande,48.231,48.231
2026-02-20,Campina Grande,49.948,49.948
2026-02-21,Campina Grande,44.452,44.452
2026-02-22,Campina Grande,38.343,38.343
2026-02-23,Campina Grande,56.367,56.367
2026-02-24,Campina Grande,54.054,54.054
2026-02-25,Campina Grande,51.418,51.418
2026-02-26,Campina Grande,49.405,49.405
2026-02-27,Campina Grande,47.116,47.116
2026-02-28,Campina Grande,41.686,41.686
2026-03-01,Campina Grande,38.246,38.246
2026-03-02,Campina Grande,53.809,53.809
2026-03-03,Campina Grande,53.191,53.191
2026-03-04,Campina Grande,48.797,48.797
2026-03-05,Campina Grande,49.881,49.881
2026-03-06,Campina Grande,46.492,46.492
2026-03-07,Campina Grande,38.098,38.098
2026-03-08,Campina Grande,37.57,37.57
2026-03-09,Campina Grande,54.299,54.299
2026-03-10,Campina Grande,52.206,52.206
2026-03-11,Campina Grande,49.535,49.535
2026-03-12,Campina Grande,46.625,46.625
2026-03-13,Campina Grande,43.48,43.48
2026-03-14,Campina Grande,40.532,40.532
2026-03-15,Campina Grande,38.317,38.317
2026-03-16,Campina Grande,54.41,54.41
2026-03-17,Campina Grande,51.177,51.177
2026-03-18,Campina Grande,48.272,48.272
2026-03-19,Campina Grande,47.129,47.129
2026-03-20,Campina Grande,49.4,49.4
2026-03-21,Campina Grande,42.938,42.938
2026-03-22,Campina Grande,38.19,38.19
2026-03-23,Campina Grande,53.803,53.803
2026-03-24,Campina Grande,50.581,50.581
2026-03-25,Campina Grande,46.762,46.762
2026-03-26,Campina Grande,46.202,46.202
2026-03-27,Campina Grande,46.365,46.365
2026-03-28,Campina Grande,42.2,42.2
2026-03-29,Campina Grande,39.148,39.148
2026-03-30,Campina Grande,57.004,57.004
2026-03-31,Campina Grande,53.714,53.714
2026-04-01,Campina Grande,52.798,52.798
2026-04-02,Campina Grande,50.284,50.284
2026-04-03,Campina Grande,48.332,48.332
2026-04-04,Campina Grande,42.498,42.498
2026-04-05,Campina Grande,41.036,41.036
2026-04-06,Campina Grande,59.884,59.884
2026-04-07,Campina Grande,52.156,52.156
2026-04-08,Campina Grande,49.217,49.217
2026-04-09,Campina Grande,46.373,46.373
2026-04-10,Campina Grande,44.517,44.517
2026-04-11,Campina Grande,40.356,40.356
2026-04-12,Campina Grande,39.131,39.131
2026-04-13,Campina Grande,52.981,52.981
2026-04-14,Campina Grande,50.234,50.234
2026-04-15,Campina Grande,46.606,46.606
2026-04-16,Campina Grande,46.474,46.474
2026-04-17,Campina Grande,44.386,44.386
2026-04-18,Campina Grande,39.154,39.154
2026-04-19,Campina Grande,36.658,36.658
2026-04-20,Campina Grande,54.723,54.723
2026-04-21,Campina Grande,53.392,53.392
2026-04-22,Campina Grande,48.497,48.497
2026-04-23,Campina Grande,48.044,48.044
2026-04-24,Campina Grande,43.173,43.173
2026-04-25,Campina Grande,39.007,39.007
2026-04-26,Campina Grande,38.26,38.26
2026-04-27,Campina Grande,54.936,54.936
2026-04-28,Campina Grande,50.018,50.018
2026-04-29,Campina Grande,48.148,48.148
2026-04-30,Campina Grande,46.493,46.493
2026-05-01,Campina Grande,46.303,46.303
2026-05-02,Campina Grande,41.271,41.271
2026-05-03,Campina Grande,38.046,38.046
2026-05-04,Campina Grande,53.004,53.004
2026-05-05,Campina Grande,50.661,50.661
2026-05-06,Campina Grande,48.102,48.102
2026-05-07,Campina Grande,44.317,44.317
2026-05-08,Campina Grande,44.23,44.23
2026-05-09,Campina Grande,38.527,38.527
2026-05-10,Campina Grande,35.963,35.963
2026-05-11,Campina Grande,52.852,52.852
2026-05-12,Campina Grande,49.152,49.152
2026-05-13,Campina Grande,47.793,47.793
2026-05-14,Campina Grande,46.372,46.372
2026-05-15,Campina Grande,46.422,46.422
2026-05-16,Campina Grande,40.957,40.957
2026-05-17,Campina Grande,37.859,37.859
2026-05-18,Campina Grande,54.05,54.05
2026-05-19,Campina Grande,49.805,49.805
2026-05-20,Campina Grande,50.728,50.728
2026-05-21,Campina Grande,49.338,49.338
2026-05-22,Campina Grande,44.205,44.205
2026-05-23,Campina Grande,41.182,41.182
2026-05-24,Campina Grande,39.992,39.992
2026-05-25,Campina Grande,55.42,55.42
2026-05-26,Campina Grande,52.713,52.713
2026-05-27,Campina Grande,50.65,50.65
2026-05-28,Campina Grande,48.116,48.116
2026-05-29,Campina Grande,46.207,46.207
2026-05-30,Campina Grande,40.684,40.684
2026-05-31,Campina Grande,38.142,38.142
2026-01-05,Boa Vista,54.79,54.79
2026-01-06,Boa Vista,51.91,51.91
2026-01-07,Boa Vista,47.538,47.538
2026-01-08,Boa Vista,45.668,45.668
2026-01-09,Boa Vista,43.141,43.141
2026-01-10,Boa Vista,39.703,39.703
2026-01-11,Boa Vista,37.367,37.367
2026-01-12,Boa Vista,52.255,52.255
2026-01-13,Boa Vista,50.929,50.929
2026-01-14,Boa Vista,47.727,47.727
2026-01-15,Boa Vista,46.064,46.064
2026-01-16,Boa Vista,43.824,43.824
2026-01-17,Boa Vista,39.667,39.667
2026-01-18,Boa Vista,37.058,37.058
2026-01-19,Boa Vista,53.471,53.471
2026-01-20,Boa Vista,52.856,52.856
2026-01-21,Boa Vista,51.339,51.339
2026-01-22,Boa Vista,46.809,46.809
2026-01-23,Boa Vista,45.703,45.703
2026-01-24,Boa Vista,40.272,40.272
2026-01-25,Boa Vista,37.348,37.348
2026-01-26,Boa Vista,53.052,53.052
2026-01-27,Boa Vista,50.378,50.378
2026-01-28,Boa Vista,48.611,48.611
2026-01-29,Boa Vista,46.531,46.531
2026-01-30,Boa Vista,45.651,45.651
2026-01-31,Boa Vista,40.412,40.412
2026-02-01,Boa Vista,39.157,39.157
2026-02-02,Boa Vista,53.801,53.801
2026-02-03,Boa Vista,51.106,51.106
2026-02-04,Boa Vista,49.416,49.416
2026-02-05,Boa Vista,49.607,49.607
2026-02-06,Boa Vista,47.229,47.229
2026-02-07,Boa Vista,39.178,39.178
2026-02-08,Boa Vista,37.579,37.579
2026-02-09,Boa Vista,53.643,53.643
2026-02-10,Boa Vista,50.447,50.447
2026-02-11,Boa Vista,49.731,49.731
2026-02-12,Boa Vista,49.623,49.623
2026-02-13,Boa Vista,48.616,48.616
2026-02-14,Boa Vista,29.98,29.98
2026-02-15,Boa Vista,27.644,27.644
2026-02-16,Boa Vista,39.584,39.584
2026-02-17,Boa Vista,38.063,38.063
2026-02-18,Boa Vista,51.535,51.535
2026-02-19,Boa Vista,49.727,49.727
2026-02-20,Boa Vista,52.983,52.983
2026-02-21,Boa Vista,47.567,47.567
2026-02-22,Boa Vista,41.509,41.509
2026-02-23,Boa Vista,57.813,57.813
2026-02-24,Boa Vista,53.514,53.514
2026-02-25,Boa Vista,51.715,51.715
2026-02-26,Boa Vista,48.812,48.812
2026-02-27,Boa Vista,45.826,45.826
2026-02-28,Boa Vista,40.844,40.844
2026-03-01,Boa Vista,38.768,38.768
2026-03-02,Boa Vista,53.357,53.357
2026-03-03,Boa Vista,51.166,51.166
2026-03-04,Boa Vista,50.318,50.318
2026-03-05,Boa Vista,51.89,51.89
2026-03-06,Boa Vista,50.028,50.028
2026-03-07,Boa Vista,42.67,42.67
2026-03-08,Boa Vista,40.091,40.091
2026-03-09,Boa Vista,55.284,55.284
2026-03-10,Boa Vista,53.345,53.345
2026-03-11,Boa Vista,49.797,49.797
2026-03-12,Boa Vista,49.903,49.903
2026-03-13,Boa Vista,50.765,50.765
2026-03-14,Boa Vista,45.827,45.827
2026-03-15,Boa Vista,42.072,42.072
2026-03-16,Boa Vista,59.202,59.202
2026-03-17,Boa Vista,57.419,57.419
2026-03-18,Boa Vista,55.207,55.207
2026-03-19,Boa Vista,51.408,51.408
2026-03-20,Boa Vista,53.946,53.946
2026-03-21,Boa Vista,50.309,50.309
2026-03-22,Boa Vista,43.266,43.266
2026-03-23,Boa Vista,58.725,58.725
2026-03-24,Boa Vista,55.666,55.666
2026-03-25,Boa Vista,52.082,52.082
2026-03-26,Boa Vista,51.968,51.968
2026-03-27,Boa Vista,48.214,48.214
2026-03-28,Boa Vista,42.554,42.554
2026-03-29,Boa Vista,39.336,39.336
2026-03-30,Boa Vista,54.076,54.076
2026-03-31,Boa Vista,52.207,52.207
2026-04-01,Boa Vista,50.854,50.854
2026-04-02,Boa Vista,49.229,49.229
2026-04-03,Boa Vista,46.482,46.482
2026-04-04,Boa Vista,40.104,40.104
2026-04-05,Boa Vista,40.121,40.121
2026-04-06,Boa Vista,57.073,57.073
2026-04-07,Boa Vista,53.063,53.063
2026-04-08,Boa Vista,51.128,51.128
2026-04-09,Boa Vista,51.118,51.118
2026-04-10,Boa Vista,48.132,48.132
2026-04-11,Boa Vista,42.849,42.849
2026-04-12,Boa Vista,39.319,39.319
2026-04-13,Boa Vista,56.883,56.883
2026-04-14,Boa Vista,55.628,55.628
2026-04-15,Boa Vista,51.466,51.466
2026-04-16,Boa Vista,50.011,50.011
2026-04-17,Boa Vista,49.578,49.578
2026-04-18,Boa Vista,43.753,43.753
2026-04-19,Boa Vista,40.959,40.959
2026-04-20,Boa Vista,62.291,62.291
2026-04-21,Boa Vista,58.921,58.921
2026-04-22,Boa Vista,53.309,53.309
2026-04-23,Boa Vista,54.019,54.019
2026-04-24,Boa Vista,51.912,51.912
2026-04-25,Boa Vista,45.622,45.622
2026-04-26,Boa Vista,41.674,41.674
2026-04-27,Boa Vista,55.758,55.758
2026-04-28,Boa Vista,53.094,53.094
2026-04-29,Boa Vista,49.605,49.605
2026-04-30,Boa Vista,48.004,48.004
2026-05-01,Boa Vista,46.996,46.996
2026-05-02,Boa Vista,41.631,41.631
2026-05-03,Boa Vista,39.315,39.315
2026-05-04,Boa Vista,57.649,57.649
2026-05-05,Boa Vista,58.452,58.452
2026-05-06,Boa Vista,55.444,55.444
2026-05-07,Boa Vista,51.029,51.029
2026-05-08,Boa Vista,49.872,49.872
2026-05-09,Boa Vista,45.731,45.731
2026-05-10,Boa Vista,42.927,42.927
2026-05-11,Boa Vista,59.9,59.9
2026-05-12,Boa Vista,54.847,54.847
2026-05-13,Boa Vista,50.865,50.865
2026-05-14,Boa Vista,47.922,47.922
2026-05-15,Boa Vista,46.766,46.766
2026-05-16,Boa Vista,40.356,40.356
2026-05-17,Boa Vista,38.693,38.693
2026-05-18,Boa Vista,54.769,54.769
2026-05-19,Boa Vista,51.577,51.577
2026-05-20,Boa Vista,52.083,52.083
2026-05-21,Boa Vista,51.781,51.781
2026-05-22,Boa Vista,46.881,46.881
2026-05-23,Boa Vista,41.157,41.157
2026-05-24,Boa Vista,39.927,39.927
2026-05-25,Boa Vista,56.285,56.285
2026-05-26,Boa Vista,53.927,53.927
2026-05-27,Boa Vista,52.384,52.384
2026-05-28,Boa Vista,51.521,51.521
2026-05-29,Boa Vista,49.355,49.355
2026-05-30,Boa Vista,43.008,43.008
2026-05-31,Boa Vista,41.909,41.909
2026-01-05,Santos,50.475,50.475
2026-01-06,Santos,47.661,47.661
2026-01-07,Santos,44.367,44.367
2026-01-08,Santos,44.056,44.056
2026-01-09,Santos,42.706,42.706
2026-01-10,Santos,37.013,37.013
2026-01-11,Santos,34.908,34.908
2026-01-12,Santos,48.951,48.951
2026-01-13,Santos,46.125,46.125
2026-01-14,Santos,44.842,44.842
2026-01-15,Santos,43.342,43.342
2026-01-16,Santos,41.967,41.967
2026-01-17,Santos,38.691,38.691
2026-01-18,Santos,35.342,35.342
2026-01-19,Santos,47.24,47.24
2026-01-20,Santos,49.192,49.192
2026-01-21,Santos,48.985,48.985
2026-01-22,Santos,45.585,45.585
2026-01-23,Santos,43.782,43.782
2026-01-24,Santos,38.904,38.904
2026-01-25,Santos,36.114,36.114
2026-01-26,Santos,49.327,49.327
2026-01-27,Santos,45.686,45.686
2026-01-28,Santos,44.791,44.791
2026-01-29,Santos,43.581,43.581
2026-01-30,Santos,42.079,42.079
2026-01-31,Santos,37.556,37.556
2026-02-01,Santos,34.465,34.465
2026-02-02,Santos,47.634,47.634
2026-02-03,Santos,44.802,44.802
2026-02-04,Santos,45.15,45.15
2026-02-05,Santos,48.961,48.961
2026-02-06,Santos,48.187,48.187
2026-02-07,Santos,39.06,39.06
2026-02-08,Santos,36.759,36.759
2026-02-09,Santos,51.07,51.07
2026-02-10,Santos,48.356,48.356
2026-02-11,Santos,45.747,45.747
2026-02-12,Santos,44.931,44.931
2026-02-13,Santos,44.089,44.089
2026-02-14,Santos,28.878,28.878
2026-02-15,Santos,26.64,26.64
2026-02-16,Santos,36.547,36.547
2026-02-17,Santos,34.399,34.399
2026-02-18,Santos,47.264,47.264
2026-02-19,Santos,46.66,46.66
2026-02-20,Santos,49.149,49.149
2026-02-21,Santos,43.829,43.829
2026-02-22,Santos,38.188,38.188
2026-02-23,Santos,50.571,50.571
2026-02-24,Santos,48.578,48.578
2026-02-25,Santos,47.894,47.894
2026-02-26,Santos,45.954,45.954
2026-02-27,Santos,44.102,44.102
2026-02-28,Santos,38.96,38.96
2026-03-01,Santos,36.59,36.59
2026-03-02,Santos,51.886,51.886
2026-03-03,Santos,50.226,50.226
2026-03-04,Santos,46.655,46.655
2026-03-05,Santos,48.819,48.819
2026-03-06,Santos,45.2,45.2
2026-03-07,Santos,37.181,37.181
2026-03-08,Santos,35.935,35.935
2026-03-09,Santos,49.411,49.411
2026-03-10,Santos,49.644,49.644
2026-03-11,Santos,47.668,47.668
2026-03-12,Santos,46.419,46.419
2026-03-13,Santos,45.095,45.095
2026-03-14,Santos,38.757,38.757
2026-03-15,Santos,37.047,37.047
2026-03-16,Santos,50.757,50.757
2026-03-17,Santos,50.143,50.143
2026-03-18,Santos,48.984,48.984
2026-03-19,Santos,46.515,46.515
2026-03-20,Santos,49.13,49.13
2026-03-21,Santos,44.149,44.149
2026-03-22,Santos,38.004,38.004
2026-03-23,Santos,51.856,51.856
2026-03-24,Santos,49.577,49.577
2026-03-25,Santos,49.414,49.414
2026-03-26,Santos,49.468,49.468
2026-03-27,Santos,48.224,48.224
2026-03-28,Santos,43.418,43.418
2026-03-29,Santos,41.075,41.075
2026-03-30,Santos,55.454,55.454
2026-03-31,Santos,53.712,53.712
2026-04-01,Santos,51.991,51.991
2026-04-02,Santos,50.798,50.798
2026-04-03,Santos,49.485,49.485
2026-04-04,Santos,43.82,43.82
2026-04-05,Santos,43.07,43.07
2026-04-06,Santos,60.329,60.329
2026-04-07,Santos,54.258,54.258
2026-04-08,Santos,51.668,51.668
2026-04-09,Santos,48.684,48.684
2026-04-10,Santos,47.545,47.545
2026-04-11,Santos,42.099,42.099
2026-04-12,Santos,38.75,38.75
2026-04-13,Santos,53.451,53.451
2026-04-14,Santos,50.218,50.218
2026-04-15,Santos,47.844,47.844
2026-04-16,Santos,47.03,47.03
2026-04-17,Santos,46.416,46.416
2026-04-18,Santos,41.594,41.594
2026-04-19,Santos,38.339,38.339
2026-04-20,Santos,57.092,57.092
2026-04-21,Santos,56.001,56.001
2026-04-22,Santos,50.643,50.643
2026-04-23,Santos,48.878,48.878
2026-04-24,Santos,47.353,47.353
2026-04-25,Santos,42.59,42.59
2026-04-26,Santos,38.761,38.761
2026-04-27,Santos,53.323,53.323
2026-04-28,Santos,49.826,49.826
2026-04-29,Santos,50.336,50.336
2026-04-30,Santos,49.688,49.688
2026-05-01,Santos,48.222,48.222
2026-05-02,Santos,42.903,42.903
2026-05-03,Santos,40.54,40.54
2026-05-04,Santos,54.37,54.37
2026-05-05,Santos,53.227,53.227
2026-05-06,Santos,50.905,50.905
2026-05-07,Santos,46.527,46.527
2026-05-08,Santos,43.69,43.69
2026-05-09,Santos,39.179,39.179
2026-05-10,Santos,37.093,37.093
2026-05-11,Santos,51.368,51.368
2026-05-12,Santos,49.243,49.243
2026-05-13,Santos,48.086,48.086
2026-05-14,Santos,48.49,48.49
2026-05-15,Santos,46.947,46.947
2026-05-16,Santos,41.023,41.023
2026-05-17,Santos,39.008,39.008
2026-05-18,Santos,53.4,53.4
2026-05-19,Santos,49.983,49.983
2026-05-20,Santos,50.113,50.113
2026-05-21,Santos,50.467,50.467
2026-05-22,Santos,45.62,45.62
2026-05-23,Santos,40.42,40.42
2026-05-24,Santos,38.628,38.628
2026-05-25,Santos,53.482,53.482
2026-05-26,Santos,49.148,49.148
2026-05-27,Santos,47.216,47.216
2026-05-28,Santos,47.159,47.159
2026-05-29,Santos,45.787,45.787
2026-05-30,Santos,42.941,42.941
2026-05-31,Santos,41.407,41.407
2026-01-05,Palmas,40.087,40.087
2026-01-06,Palmas,39.035,39.035
2026-01-07,Palmas,35.046,35.046
2026-01-08,Palmas,34.604,34.604
2026-01-09,Palmas,32.55,32.55
2026-01-10,Palmas,29.217,29.217
2026-01-11,Palmas,26.663,26.663
2026-01-12,Palmas,37.593,37.593
2026-01-13,Palmas,35.803,35.803
2026-01-14,Palmas,33.507,33.507
2026-01-15,Palmas,32.784,32.784
2026-01-16,Palmas,31.61,31.61
2026-01-17,Palmas,27.235,27.235
2026-01-18,Palmas,25.327,25.327
2026-01-19,Palmas,35.247,35.247
2026-01-20,Palmas,35.025,35.025
2026-01-21,Palmas,34.769,34.769
2026-01-22,Palmas,31.756,31.756
2026-01-23,Palmas,31.946,31.946
2026-01-24,Palmas,28.87,28.87
2026-01-25,Palmas,27.383,27.383
2026-01-26,Palmas,38.725,38.725
2026-01-27,Palmas,37.362,37.362
2026-01-28,Palmas,36.775,36.775
2026-01-29,Palmas,35.598,35.598
2026-01-30,Palmas,34.381,34.381
2026-01-31,Palmas,31.045,31.045
2026-02-01,Palmas,27.7,27.7
2026-02-02,Palmas,38.199,38.199
2026-02-03,Palmas,36.398,36.398
2026-02-04,Palmas,36.183,36.183
2026-02-05,Palmas,38.251,38.251
2026-02-06,Palmas,35.857,35.857
2026-02-07,Palmas,30.617,30.617
2026-02-08,Palmas,27.885,27.885
2026-02-09,Palmas,38.976,38.976
2026-02-10,Palmas,36.851,36.851
2026-02-11,Palmas,35.335,35.335
2026-02-12,Palmas,33.481,33.481
2026-02-13,Palmas,32.836,32.836
2026-02-14,Palmas,21.056,21.056
2026-02-15,Palmas,20.08,20.08
2026-02-16,Palmas,27.671,27.671
2026-02-17,Palmas,26.65,26.65
2026-02-18,Palmas,36.471,36.471
2026-02-19,Palmas,35.985,35.985
2026-02-20,Palmas,35.832,35.832
2026-02-21,Palmas,32.31,32.31
2026-02-22,Palmas,28.39,28.39
2026-02-23,Palmas,38.562,38.562
2026-02-24,Palmas,36.779,36.779
2026-02-25,Palmas,35.782,35.782
2026-02-26,Palmas,34.334,34.334
2026-02-27,Palmas,33.036,33.036
2026-02-28,Palmas,30.135,30.135
2026-03-01,Palmas,28.192,28.192
2026-03-02,Palmas,38.784,38.784
2026-03-03,Palmas,37.546,37.546
2026-03-04,Palmas,36.862,36.862
2026-03-05,Palmas,37.597,37.597
2026-03-06,Palmas,36.316,36.316
2026-03-07,Palmas,30.126,30.126
2026-03-08,Palmas,29.14,29.14
2026-03-09,Palmas,40.843,40.843
2026-03-10,Palmas,39.915,39.915
2026-03-11,Palmas,37.815,37.815
2026-03-12,Palmas,37.068,37.068
2026-03-13,Palmas,34.786,34.786
2026-03-14,Palmas,31.367,31.367
2026-03-15,Palmas,29.801,29.801
2026-03-16,Palmas,42.751,42.751
2026-03-17,Palmas,39.5,39.5
2026-03-18,Palmas,37.349,37.349
2026-03-19,Palmas,36.527,36.527
2026-03-20,Palmas,38.507,38.507
2026-03-21,Palmas,33.324,33.324
2026-03-22,Palmas,27.936,27.936
2026-03-23,Palmas,39.837,39.837
2026-03-24,Palmas,36.683,36.683
2026-03-25,Palmas,35.385,35.385
2026-03-26,Palmas,35.016,35.016
2026-03-27,Palmas,33.705,33.705
2026-03-28,Palmas,29.821,29.821
2026-03-29,Palmas,27.981,27.981
2026-03-30,Palmas,39.649,39.649
2026-03-31,Palmas,37.441,37.441
2026-04-01,Palmas,36.084,36.084
2026-04-02,Palmas,35.465,35.465
2026-04-03,Palmas,34.494,34.494
2026-04-04,Palmas,31.664,31.664
2026-04-05,Palmas,32.475,32.475
2026-04-06,Palmas,46.461,46.461
2026-04-07,Palmas,41.303,41.303
2026-04-08,Palmas,39.448,39.448
2026-04-09,Palmas,37.871,37.871
2026-04-10,Palmas,35.955,35.955
2026-04-11,Palmas,31.453,31.453
2026-04-12,Palmas,30.081,30.081
2026-04-13,Palmas,43.188,43.188
2026-04-14,Palmas,40.216,40.216
2026-04-15,Palmas,38.915,38.915
2026-04-16,Palmas,38.011,38.011
2026-04-17,Palmas,37.094,37.094
2026-04-18,Palmas,32.671,32.671
2026-04-19,Palmas,30.091,30.091
2026-04-20,Palmas,44.739,44.739
2026-04-21,Palmas,42.847,42.847
2026-04-22,Palmas,37.98,37.98
2026-04-23,Palmas,35.782,35.782
2026-04-24,Palmas,33.044,33.044
2026-04-25,Palmas,29.639,29.639
2026-04-26,Palmas,27.848,27.848
2026-04-27,Palmas,39.622,39.622
2026-04-28,Palmas,37.62,37.62
2026-04-29,Palmas,36.248,36.248
2026-04-30,Palmas,35.218,35.218
2026-05-01,Palmas,35.084,35.084
2026-05-02,Palmas,30.921,30.921
2026-05-03,Palmas,28.905,28.905
2026-05-04,Palmas,39.698,39.698
2026-05-05,Palmas,41.753,41.753
2026-05-06,Palmas,40.338,40.338
2026-05-07,Palmas,36.017,36.017
2026-05-08,Palmas,35.159,35.159
2026-05-09,Palmas,31.866,31.866
2026-05-10,Palmas,29.895,29.895
2026-05-11,Palmas,41.853,41.853
2026-05-12,Palmas,39.373,39.373
2026-05-13,Palmas,37.927,37.927
2026-05-14,Palmas,36.586,36.586
2026-05-15,Palmas,34.941,34.941
2026-05-16,Palmas,30.057,30.057
2026-05-17,Palmas,28.127,28.127
2026-05-18,Palmas,39.741,39.741
2026-05-19,Palmas,37.412,37.412
2026-05-20,Palmas,38.539,38.539
2026-05-21,Palmas,38.332,38.332
2026-05-22,Palmas,35.588,35.588
2026-05-23,Palmas,31.927,31.927
2026-05-24,Palmas,29.911,29.911
2026-05-25,Palmas,41.368,41.368
2026-05-26,Palmas,39.028,39.028
2026-05-27,Palmas,37.133,37.133
2026-05-28,Palmas,36.696,36.696
2026-05-29,Palmas,34.554,34.554
2026-05-30,Palmas,30.797,30.797
2026-05-31,Palmas,28.494,28.494
2026-01-05,Anápolis,39.201,39.201
2026-01-06,Anápolis,35.531,35.531
2026-01-07,Anápolis,31.501,31.501
2026-01-08,Anápolis,30.242,30.242
2026-01-09,Anápolis,29.027,29.027
2026-01-10,Anápolis,25.676,25.676
2026-01-11,Anápolis,23.134,23.134
2026-01-12,Anápolis,35.283,35.283
2026-01-13,Anápolis,34.355,34.355
2026-01-14,Anápolis,31.244,31.244
2026-01-15,Anápolis,31.845,31.845
2026-01-16,Anápolis,31.769,31.769
2026-01-17,Anápolis,26.057,26.057
2026-01-18,Anápolis,23.88,23.88
2026-01-19,Anápolis,36.017,36.017
2026-01-20,Anápolis,36.345,36.345
2026-01-21,Anápolis,34.879,34.879
2026-01-22,Anápolis,32.353,32.353
2026-01-23,Anápolis,31.245,31.245
2026-01-24,Anápolis,26.725,26.725
2026-01-25,Anápolis,24.817,24.817
2026-01-26,Anápolis,38.159,38.159
2026-01-27,Anápolis,35.49,35.49
2026-01-28,Anápolis,32.892,32.892
2026-01-29,Anápolis,33.064,33.064
2026-01-30,Anápolis,30.908,30.908
2026-01-31,Anápolis,27.083,27.083
2026-02-01,Anápolis,24.536,24.536
2026-02-02,Anápolis,38.195,38.195
2026-02-03,Anápolis,37.052,37.052
2026-02-04,Anápolis,36.465,36.465
2026-02-05,Anápolis,36.593,36.593
2026-02-06,Anápolis,34.371,34.371
2026-02-07,Anápolis,27.707,27.707
2026-02-08,Anápolis,25.12,25.12
2026-02-09,Anápolis,37.443,37.443
2026-02-10,Anápolis,35.547,35.547
2026-02-11,Anápolis,33.199,33.199
2026-02-12,Anápolis,33.439,33.439
2026-02-13,Anápolis,33.287,33.287
2026-02-14,Anápolis,20.006,20.006
2026-02-15,Anápolis,18.379,18.379
2026-02-16,Anápolis,27.22,27.22
2026-02-17,Anápolis,25.647,25.647
2026-02-18,Anápolis,34.593,34.593
2026-02-19,Anápolis,32.985,32.985
2026-02-20,Anápolis,34.139,34.139
2026-02-21,Anápolis,29.666,29.666
2026-02-22,Anápolis,25.06,25.06
2026-02-23,Anápolis,39.209,39.209
2026-02-24,Anápolis,36.463,36.463
2026-02-25,Anápolis,36.417,36.417
2026-02-26,Anápolis,34.475,34.475
2026-02-27,Anápolis,33.284,33.284
2026-02-28,Anápolis,28.094,28.094
2026-03-01,Anápolis,25.877,25.877
2026-03-02,Anápolis,38.591,38.591
2026-03-03,Anápolis,36.894,36.894
2026-03-04,Anápolis,35.851,35.851
2026-03-05,Anápolis,38.589,38.589
2026-03-06,Anápolis,36.897,36.897
2026-03-07,Anápolis,29.639,29.639
2026-03-08,Anápolis,27.436,27.436
2026-03-09,Anápolis,41.224,41.224
2026-03-10,Anápolis,38.133,38.133
2026-03-11,Anápolis,35.997,35.997
2026-03-12,Anápolis,34.313,34.313
2026-03-13,Anápolis,32.892,32.892
2026-03-14,Anápolis,27.764,27.764
2026-03-15,Anápolis,25.733,25.733
2026-03-16,Anápolis,40.589,40.589
2026-03-17,Anápolis,38.314,38.314
2026-03-18,Anápolis,35.989,35.989
2026-03-19,Anápolis,34.446,34.446
2026-03-20,Anápolis,35.377,35.377
2026-03-21,Anápolis,29.42,29.42
2026-03-22,Anápolis,25.959,25.959
2026-03-23,Anápolis,39.885,39.885
2026-03-24,Anápolis,38.975,38.975
2026-03-25,Anápolis,36.402,36.402
2026-03-26,Anápolis,36.19,36.19
2026-03-27,Anápolis,34.502,34.502
2026-03-28,Anápolis,29.768,29.768
2026-03-29,Anápolis,27.084,27.084
2026-03-30,Anápolis,41.393,41.393
2026-03-31,Anápolis,38.778,38.778
2026-04-01,Anápolis,38.663,38.663
2026-04-02,Anápolis,37.652,37.652
2026-04-03,Anápolis,35.368,35.368
2026-04-04,Anápolis,30.357,30.357
2026-04-05,Anápolis,28.757,28.757
2026-04-06,Anápolis,44.628,44.628
2026-04-07,Anápolis,37.969,37.969
2026-04-08,Anápolis,37.152,37.152
2026-04-09,Anápolis,35.971,35.971
2026-04-10,Anápolis,34.273,34.273
2026-04-11,Anápolis,29.299,29.299
2026-04-12,Anápolis,26.705,26.705
2026-04-13,Anápolis,39.943,39.943
2026-04-14,Anápolis,37.053,37.053
2026-04-15,Anápolis,35.727,35.727
2026-04-16,Anápolis,34.83,34.83
2026-04-17,Anápolis,32.862,32.862
2026-04-18,Anápolis,29.027,29.027
2026-04-19,Anápolis,26.637,26.637
2026-04-20,Anápolis,43.832,43.832
2026-04-21,Anápolis,40.671,40.671
2026-04-22,Anápolis,35.296,35.296
2026-04-23,Anápolis,35.444,35.444
2026-04-24,Anápolis,34.405,34.405
2026-04-25,Anápolis,30.432,30.432
2026-04-26,Anápolis,27.493,27.493
2026-04-27,Anápolis,41.487,41.487
2026-04-28,Anápolis,39.334,39.334
2026-04-29,Anápolis,37.127,37.127
2026-04-30,Anápolis,35.437,35.437
2026-05-01,Anápolis,34.357,34.357
2026-05-02,Anápolis,29.302,29.302
2026-05-03,Anápolis,27.617,27.617
2026-05-04,Anápolis,39.963,39.963
2026-05-05,Anápolis,40.052,40.052
2026-05-06,Anápolis,40.05,40.05
2026-05-07,Anápolis,35.941,35.941
2026-05-08,Anápolis,34.287,34.287
2026-05-09,Anápolis,29.428,29.428
2026-05-10,Anápolis,27.902,27.902
2026-05-11,Anápolis,42.112,42.112
2026-05-12,Anápolis,39.551,39.551
2026-05-13,Anápolis,36.833,36.833
2026-05-14,Anápolis,36.231,36.231
2026-05-15,Anápolis,34.966,34.966
2026-05-16,Anápolis,29.584,29.584
2026-05-17,Anápolis,26.463,26.463
2026-05-18,Anápolis,41.374,41.374
2026-05-19,Anápolis,38.409,38.409
2026-05-20,Anápolis,38.805,38.805
2026-05-21,Anápolis,36.033,36.033
2026-05-22,Anápolis,32.224,32.224
2026-05-23,Anápolis,27.527,27.527
2026-05-24,Anápolis,25.817,25.817
2026-05-25,Anápolis,40.367,40.367
2026-05-26,Anápolis,37.135,37.135
2026-05-27,Anápolis,35.887,35.887
2026-05-28,Anápolis,34.333,34.333
2026-05-29,Anápolis,32.739,32.739
2026-05-30,Anápolis,29.277,29.277
2026-05-31,Anápolis,26.528,26.528
